id,symbol,name,image,current_price,market_cap,market_cap_rank,fully_diluted_valuation,total_volume,high_24h,low_24h,price_change_24h,price_change_percentage_24h,market_cap_change_24h,market_cap_change_percentage_24h,circulating_supply,total_supply,max_supply,ath,ath_change_percentage,ath_date,atl,atl_change_percentage,atl_date,roi,last_updated
bitcoin,btc,Bitcoin,https://coin-images.coingecko.com/coins/images/1/large/bitcoin.png?1696501400,90190.0,1784298159357,1,1894012533175,47781833544.0,91439.0,89507.0,-76.06399711982522,-0.08427,-3811698463.5180664,-0.21317,19783534.0,21000000.0,21000000.0,93477.0,-3.45695,2024-11-13T16:15:35.520Z,67.81,132988.01989,2013-07-06T00:00:00.000Z,,2024-11-17T16:08:54.635Z
ethereum,eth,Ethereum,https://coin-images.coingecko.com/coins/images/279/large/ethereum.png?1696501628,3080.4,371149015648,2,371149015648,26237976328.0,3182.3,3048.58,-51.38936621454741,-1.6409,-6544540567.656128,-1.73276,120422508.5519,120422508.5519,,4878.26,-36.76077,2021-11-10T14:24:19.604Z,0.432979,712400.03607,2015-10-20T00:00:00.000Z,"{'times': 44.64823605633538, 'currency': 'btc', 'percentage': 4464.823605633537}",2024-11-17T16:08:58.784Z
tether,usdt,Tether,https://coin-images.coingecko.com/coins/images/325/large/Tether.png?1696501661,0.999351,127343161174,3,127343161174,94192686175.0,1.003,0.997494,-0.000285478237258885,-0.02856,-145585637.08592224,-0.11419,127537303558.548,127537303558.548,,1.32,-24.45259,2018-07-24T00:00:00.000Z,0.572521,74.58996,2015-03-02T00:00:00.000Z,,2024-11-17T16:08:54.670Z
solana,sol,Solana,https://coin-images.coingecko.com/coins/images/4128/large/solana.png?1718769756,233.45,110292135439,4,137498130144,12528342026.0,240.56,212.97,19.39,9.05597,9130040083.0,9.02516,472002777.80242,588432702.950457,,259.96,-9.93697,2021-11-06T21:54:35.825Z,0.500801,46650.52297,2020-05-11T19:35:23.449Z,,2024-11-17T16:09:02.434Z
binancecoin,bnb,BNB,https://coin-images.coingecko.com/coins/images/825/large/bnb-icon2_2x.png?1696501970,623.42,90959394321,5,90959394321,1785779482.0,645.77,607.27,1.64,0.2632,134062761.0,0.14761,145887575.79,145887575.79,200000000.0,717.48,-13.00111,2024-06-06T14:10:59.816Z,0.0398177,1567533.63002,2017-10-19T00:00:00.000Z,,2024-11-17T16:08:54.444Z
ripple,xrp,XRP,https://coin-images.coingecko.com/coins/images/44/large/xrp-symbol-white-128.png?1696501442,1.081,61512271597,6,108032568530,17224874179.0,1.2,1.014,-0.015900813260889324,-1.4499,-1346051238.3634567,-2.1414,56931242174.0,99987013354.0,100000000000.0,3.4,-68.17249,2018-01-07T00:00:00.000Z,0.00268621,40166.52405,2014-05-22T00:00:00.000Z,,2024-11-17T16:08:52.063Z
dogecoin,doge,Dogecoin,https://coin-images.coingecko.com/coins/images/5/large/dogecoin.png?1696501409,0.363132,53271638344,7,53271638344,9295631564.0,0.374166,0.345428,-0.001171412932610028,-0.32155,-360648890.2750015,-0.67245,146830416383.705,146830416383.705,,0.731578,-50.28976,2021-05-08T05:08:23.458Z,8.69e-05,418373.52654,2015-05-06T00:00:00.000Z,,2024-11-17T16:08:56.652Z
usd-coin,usdc,USDC,https://coin-images.coingecko.com/coins/images/6319/large/usdc.png?1696506694,0.999615,37124421077,8,37130966395,6410791435.0,1.002,0.997699,0.000237,0.02371,33289756.0,0.08975,37168673435.1989,37175226555.0982,,1.17,-14.77298,2019-05-08T00:40:28.300Z,0.877647,13.87982,2023-03-11T08:02:13.981Z,,2024-11-17T16:08:55.518Z
staked-ether,steth,Lido Staked Ether,https://coin-images.coingecko.com/coins/images/13442/large/steth_logo.png?1696513206,3080.58,30118982323,9,30118982323,106092668.0,3179.64,3039.81,-47.834412862019235,-1.52903,-533881894.29636765,-1.7417,9786557.4608599,9786557.4608599,,4829.57,-36.14075,2021-11-10T14:40:47.256Z,482.9,538.673,2020-12-22T04:08:21.854Z,,2024-11-17T16:08:52.089Z
cardano,ada,Cardano,https://coin-images.coingecko.com/coins/images/975/large/cardano.png?1696502090,0.726789,26000584564,10,32705526939,2828975133.0,0.769596,0.698124,-0.018726605012414414,-2.5119,-701862537.5410728,-2.62846,35774574357.9933,45000000000.0,45000000000.0,3.09,-76.52241,2021-09-02T06:00:10.474Z,0.01925275,3664.30583,2020-03-13T02:22:55.044Z,,2024-11-17T16:08:59.273Z
tron,trx,TRON,https://coin-images.coingecko.com/coins/images/1094/large/tron-logo.png?1696502193,0.196243,16950118249,11,16950132690,923392824.0,0.204014,0.193307,-0.002566296364606979,-1.29084,-255874213.57665062,-1.48712,86376538126.4693,86376611718.1795,,0.231673,-15.23334,2018-01-05T00:00:00.000Z,0.00180434,10783.8181,2017-11-12T00:00:00.000Z,"{'times': 102.28558594149747, 'currency': 'usd', 'percentage': 10228.558594149747}",2024-11-17T16:08:54.177Z
shiba-inu,shib,Shiba Inu,https://coin-images.coingecko.com/coins/images/11939/large/shiba.png?1696511800,2.533e-05,14932812704,12,14939197838,1731197791.0,2.55e-05,2.346e-05,1.26e-06,5.22301,714789438.0,5.02735,589260503083016.0,589512465468568.4,,8.616e-05,-70.49447,2021-10-28T03:54:55.568Z,5.6366e-11,45100545.77536,2020-11-28T11:26:25.838Z,,2024-11-17T16:08:53.290Z
avalanche-2,avax,Avalanche,https://coin-images.coingecko.com/coins/images/12559/large/Avalanche_Circle_RedWhite_Trans.png?1696512369,36.48,14860736408,13,16320083252,1173423806.0,37.05,33.5,2.02,5.85818,792730171.0,5.63499,407357165.357814,447360256.543059,720000000.0,144.96,-74.79187,2021-11-21T14:18:56.538Z,2.8,1204.57573,2020-12-31T13:15:21.540Z,,2024-11-17T16:08:53.562Z
the-open-network,ton,Toncoin,https://coin-images.coingecko.com/coins/images/17980/large/photo_2024-09-10_17.09.00.jpeg?1725963446,5.45,13873621798,14,27875706097,515462527.0,5.81,5.43,-0.12378212824160606,-2.22043,-411581940.25274086,-2.88118,2545938120.01297,5115450298.98176,,8.25,-33.86155,2024-06-15T00:36:51.509Z,0.519364,951.05657,2021-09-21T00:33:11.092Z,,2024-11-17T16:08:54.701Z
wrapped-bitcoin,wbtc,Wrapped Bitcoin,https://coin-images.coingecko.com/coins/images/7598/large/wrapped_bitcoin_wbtc.png?1696507857,90011.0,13207896469,15,13207896469,164582162.0,91154.0,89466.0,-58.06272092333529,-0.06446,-22201084.783382416,-0.16781,146734.42599595,146734.42599595,146734.42599595,92913.0,-3.05344,2024-11-13T18:55:22.275Z,3139.17,2769.40709,2019-04-02T00:00:00.000Z,,2024-11-17T16:08:56.351Z
wrapped-steth,wsteth,Wrapped stETH,https://coin-images.coingecko.com/coins/images/18834/large/wstETH.png?1696518295,3648.23,13139902980,16,13139902980,75058639.0,3776.02,3616.72,-68.44604027418382,-1.84159,-311633626.2866459,-2.31671,3599906.46506829,3599907.4769333,,7256.02,-49.69601,2022-05-13T15:09:54.509Z,558.54,553.50148,2022-05-13T01:36:45.053Z,,2024-11-17T16:08:55.464Z
sui,sui,Sui,https://coin-images.coingecko.com/coins/images/26375/large/sui-ocean-square.png?1727791290,3.83,10893232269,17,38278940899,1877283224.0,3.86,3.6,0.224316,6.21924,603594583.0,5.86604,2845750695.58389,10000000000.0,10000000000.0,3.91,-2.43705,2024-11-16T10:25:24.612Z,0.364846,946.40494,2023-10-19T10:40:30.078Z,,2024-11-17T16:08:53.217Z
weth,weth,WETH,https://coin-images.coingecko.com/coins/images/2518/large/weth.png?1696503332,3078.83,9094823078,18,9094823078,1113605426.0,3182.59,3046.95,-52.01285600956044,-1.66131,-103067632.47297859,-1.12056,2953963.24901104,2953963.24901104,,4799.89,-35.7557,2021-11-09T00:00:00.000Z,82.1,3655.82155,2018-12-15T00:00:00.000Z,,2024-11-17T16:08:56.780Z
pepe,pepe,Pepe,https://coin-images.coingecko.com/coins/images/29850/large/pepe-token.jpeg?1696528776,2.13e-05,8955044425,19,8955044425,5147090212.0,2.189e-05,1.985e-05,4.60988e-07,2.21235,163464043.0,1.85932,420690000000000.0,420690000000000.0,420690000000000.0,2.457e-05,-13.33424,2024-11-14T02:05:35.500Z,5.5142e-08,38509.11777,2023-04-18T02:14:41.591Z,,2024-11-17T16:09:00.368Z
chainlink,link,Chainlink,https://coin-images.coingecko.com/coins/images/877/large/chainlink-new-logo.png?1696502009,13.93,8732774862,20,13931204055,973519167.0,14.82,13.88,-0.18104778625866302,-1.28291,-124682534.50572205,-1.40766,626849971.3083414,1000000000.0,1000000000.0,52.7,-73.56438,2021-05-10T00:13:57.214Z,0.148183,9300.98197,2017-11-29T00:00:00.000Z,,2024-11-17T16:08:57.297Z
bitcoin-cash,bch,Bitcoin Cash,https://coin-images.coingecko.com/coins/images/780/large/bitcoin-cash-circle.png?1696501932,435.05,8611504032,21,9138249361,922866085.0,483.07,434.99,-17.9187640066977,-3.95586,-382301191.34220886,-4.25072,19789521.7716508,21000000.0,21000000.0,3785.82,-88.49228,2017-12-20T00:00:00.000Z,76.93,466.27358,2018-12-16T00:00:00.000Z,,2024-11-17T16:08:54.257Z
polkadot,dot,Polkadot,https://coin-images.coingecko.com/coins/images/12171/large/polkadot.png?1696512008,5.54,7963606494,22,8411618526,993437459.0,6.05,5.43,0.115398,2.12698,158884849.0,2.03575,1438778000.87462,1519719952.95528,,54.98,-89.91736,2021-11-04T14:10:09.301Z,2.7,105.50949,2020-08-20T05:48:11.359Z,,2024-11-17T16:09:00.214Z
near,near,NEAR Protocol,https://coin-images.coingecko.com/coins/images/10365/large/near.jpg?1696510367,5.92,7194244721,23,7210880674,928059178.0,6.13,5.77,0.121638,2.09767,116032447.0,1.63929,1217906155.0,1220722438.0,,20.44,-71.01889,2022-01-16T22:09:45.873Z,0.526762,1024.45258,2020-11-04T16:09:15.137Z,,2024-11-17T16:08:59.484Z
leo-token,leo,LEO Token,https://coin-images.coingecko.com/coins/images/8418/large/leo-token.png?1696508607,7.58,7024014406,24,7482647695,2792907.0,7.71,7.43,-0.06703292160791197,-0.8767,-54442655.748150826,-0.76913,924851302.9,985239504.0,,8.14,-5.85522,2022-02-08T17:40:10.285Z,0.799859,857.54373,2019-12-24T15:14:35.376Z,,2024-11-17T16:08:58.032Z
litecoin,ltc,Litecoin,https://coin-images.coingecko.com/coins/images/2/large/litecoin.png?1696501400,88.19,6638788075,25,7415056604,2061317143.0,97.29,87.18,-0.427223117359091,-0.48211,-72020365.2673254,-1.0732,75206195.7334713,84000000.0,84000000.0,410.26,-78.47305,2021-05-10T03:13:07.904Z,1.15,7587.42653,2015-01-14T00:00:00.000Z,,2024-11-17T16:08:58.837Z
aptos,apt,Aptos,https://coin-images.coingecko.com/coins/images/26455/large/aptos_round.png?1696525528,12.13,6456920632,26,13661535149,687128004.0,12.62,11.67,0.229873,1.93103,112543093.0,1.7739,532374243.698361,1126395980.06542,,19.92,-39.17992,2023-01-26T14:25:17.390Z,3.08,293.38981,2022-12-29T21:35:14.796Z,,2024-11-17T16:09:01.237Z
stellar,xlm,Stellar,https://coin-images.coingecko.com/coins/images/100/large/Stellar_symbol_black_RGB.png?1696501482,0.195564,5851709944,27,9776442603,2619147477.0,0.231934,0.174758,0.01876592,10.61434,562788858.0,10.6409,29928672994.8223,50001786918.163,50001786918.163,0.875563,-77.68701,2018-01-03T00:00:00.000Z,0.00047612,40932.28228,2015-03-05T00:00:00.000Z,,2024-11-17T16:08:52.588Z
wrapped-eeth,weeth,Wrapped eETH,https://coin-images.coingecko.com/coins/images/33033/large/weETH.png?1701438396,3243.42,5520027990,28,5520027990,63020863.0,3349.1,3209.96,-54.43048274270677,-1.65048,-118307872.88296223,-2.09828,1702806.6678286,1702806.6678286,,4196.87,-22.75045,2024-03-13T08:29:59.938Z,2231.18,45.30747,2024-01-08T03:35:28.624Z,,2024-11-17T16:08:54.908Z
uniswap,uni,Uniswap,https://coin-images.coingecko.com/coins/images/12504/large/uniswap-logo.png?1720676669,8.86,5317175027,29,8855684514,434823391.0,9.31,8.68,-0.068063093645641,-0.76228,-49840234.97478199,-0.92864,600425073.71,1000000000.0,1000000000.0,44.92,-80.22591,2021-05-03T05:25:04.822Z,1.03,762.20039,2020-09-17T01:20:38.214Z,,2024-11-17T16:08:54.293Z
usds,usds,USDS,https://coin-images.coingecko.com/coins/images/39926/large/usds.webp?1726666683,0.987457,5228422276,30,5228422276,9139322.0,1.004,0.985394,-0.003857864728622818,-0.38917,-28036400.54527569,-0.53337,5294850507.91348,5294850507.91348,,1.057,-6.60776,2024-10-29T05:40:51.197Z,0.948265,4.13299,2024-10-03T13:19:28.826Z,,2024-11-17T16:08:53.597Z
internet-computer,icp,Internet Computer,https://coin-images.coingecko.com/coins/images/14495/large/Internet_Computer_logo.png?1696514180,9.36,4440144587,31,4918363133,321680599.0,9.98,8.97,0.295507,3.25956,110202714.0,2.54513,474451020.523958,525550995.387594,,700.65,-98.65997,2021-05-10T16:05:53.653Z,2.87,227.70841,2023-09-22T00:29:57.369Z,,2024-11-17T16:08:57.589Z
crypto-com-chain,cro,Cronos,https://coin-images.coingecko.com/coins/images/7310/large/cro_token_logo.png?1696507599,0.159053,4314126996,32,4772289567,46286404.0,0.165089,0.154686,-0.000946671249608205,-0.59167,-24146622.85109043,-0.5566,27119856840.4988,30000000000.0,,0.965407,-83.47591,2021-11-24T15:53:54.855Z,0.0121196,1216.25427,2019-02-08T00:00:00.000Z,,2024-11-17T16:08:55.264Z
kaspa,kas,Kaspa,https://coin-images.coingecko.com/coins/images/25751/large/kaspa-icon-exchanges.png?1696524837,0.154102,3859634765,33,3859663953,119318974.0,0.154127,0.140784,0.01280454,9.06214,272773671.0,7.6048,25170881818.8141,25171072166.2805,28704026601.0,0.207411,-26.07082,2024-08-01T00:40:47.164Z,0.00017105,89544.91868,2022-05-26T14:42:59.316Z,,2024-11-17T16:08:57.687Z
ethereum-classic,etc,Ethereum Classic,https://coin-images.coingecko.com/coins/images/453/large/ethereum-classic-logo.png?1696501717,25.76,3847256416,34,5419062876,1810443743.0,29.7,25.72,-1.5661812447308598,-5.73121,-178363511.55127954,-4.43071,149586182.199101,210700000.0,210700000.0,167.09,-84.59143,2021-05-06T18:34:22.133Z,0.615038,4085.99489,2016-07-25T00:00:00.000Z,"{'times': 56.24678791325318, 'currency': 'usd', 'percentage': 5624.678791325317}",2024-11-17T16:08:56.509Z
dogwifcoin,wif,dogwifhat,https://coin-images.coingecko.com/coins/images/33566/large/dogwifhat.jpg?1702499428,3.82,3821507552,35,3821507552,1503824888.0,3.91,3.39,0.236063,6.5805,233185090.0,6.49844,998926392.0,998926392.0,998926392.0,4.83,-20.73017,2024-03-31T09:34:58.366Z,0.00155464,245946.45005,2023-12-13T07:13:50.873Z,,2024-11-17T16:08:59.516Z
bonk,bonk,Bonk,https://coin-images.coingecko.com/coins/images/28600/large/bonk.jpg?1696527587,5.379e-05,3737784137,36,487710,3417018485.0,5.601e-05,3.909e-05,1.47e-05,37.59709,1012372771.0,37.14569,69474461693558.484,9065102923.01202,9065102923.01202,5.601e-05,-3.87898,2024-11-17T15:50:59.565Z,8.6142e-08,62395.05689,2022-12-29T22:48:46.755Z,,2024-11-17T16:08:55.403Z
bittensor,tao,Bittensor,https://coin-images.coingecko.com/coins/images/28452/large/ARUsPeNQ_400x400.jpeg?1696527447,503.28,3714651458,37,10568681416,166860085.0,529.85,490.74,-7.935372658039967,-1.55225,-70935659.14494896,-1.87384,7381023.0,21000000.0,21000000.0,757.6,-33.63157,2024-03-07T18:45:36.466Z,30.83,1530.91472,2023-05-14T08:57:53.732Z,,2024-11-17T16:08:54.068Z
fetch-ai,fet,Artificial Superintelligence Alliance,https://coin-images.coingecko.com/coins/images/5681/large/ASI.png?1719827289,1.28,3352010492,38,3492687676,463095113.0,1.34,1.26,0.02087604,1.65391,53738570.0,1.62929,2609959126.672,2719493896.672,2719493896.672,3.45,-62.78613,2024-03-28T17:21:18.050Z,0.00816959,15634.22831,2020-03-13T02:24:18.347Z,"{'times': 13.799265856321222, 'currency': 'usd', 'percentage': 1379.9265856321222}",2024-11-17T16:08:56.879Z
dai,dai,Dai,https://coin-images.coingecko.com/coins/images/9956/large/Badge_Dai.png?1696509996,0.999809,3315448173,39,3315448173,70110100.0,1.003,0.996445,0.00052992,0.05303,6760689.0,0.20433,3315720864.15078,3315821123.79318,,1.22,-17.98429,2020-03-13T03:02:50.373Z,0.88196,13.35147,2023-03-11T07:50:50.514Z,,2024-11-17T16:08:56.240Z
hedera-hashgraph,hbar,Hedera,https://coin-images.coingecko.com/coins/images/3688/large/hbar.png?1696504364,0.087934,3314670650,40,4396926288,562620600.0,0.094349,0.083281,0.00223005,2.60202,68515291.0,2.11066,37693043195.8751,50000000000.0,50000000000.0,0.569229,-84.58626,2021-09-15T10:40:28.318Z,0.00986111,789.75252,2020-01-02T17:30:24.852Z,,2024-11-17T16:08:57.385Z
ethena-usde,usde,Ethena USDe,https://coin-images.coingecko.com/coins/images/33613/large/USDE.png?1716355685,1.002,3259276273,41,3259276273,150093519.0,1.004,0.998978,0.00038658,0.03861,67942930.0,2.12898,3258066062.07628,3258066062.07628,,1.032,-2.99315,2023-12-20T15:38:34.596Z,0.929486,7.7144,2024-10-04T07:57:15.809Z,,2024-11-17T16:08:56.401Z
polygon-ecosystem-token,pol,POL (ex-MATIC),https://coin-images.coingecko.com/coins/images/32440/large/polygon.png?1698233684,0.407846,3237333293,42,4193637941,453780047.0,0.438553,0.407064,0.00065562,0.16101,2261455.0,0.0699,7946078231.67941,10293340888.2509,,1.29,-68.34765,2024-03-13T18:55:06.692Z,0.286453,42.27227,2024-11-04T21:55:33.611Z,,2024-11-17T16:09:00.038Z
whitebit,wbt,WhiteBIT Coin,https://coin-images.coingecko.com/coins/images/27045/large/wbt_token.png?1696526096,22.17,3195055913,43,7540296652,20822373.0,22.28,22.04,0.066491,0.30082,6913662.0,0.21686,144118517.10815412,340118108.0,400000000.0,22.61,-2.05625,2024-11-13T14:56:16.276Z,3.06,623.41713,2023-02-13T19:01:21.899Z,,2024-11-17T16:08:59.292Z
mantra-dao,om,MANTRA,https://coin-images.coingecko.com/coins/images/12151/large/OM_Token.png?1696511991,3.44,3101760072,44,6148406507,790868239.0,3.58,2.21,1.21,54.40595,1093128271.0,54.42154,900551899.37,1785102338.64,,3.58,-3.58905,2024-11-17T14:21:27.589Z,0.01726188,19897.32188,2023-10-12T17:25:09.068Z,,2024-11-17T16:08:58.425Z
blockstack,stx,Stacks,https://coin-images.coingecko.com/coins/images/2069/large/Stacks_Logo_png.png?1709979332,1.9,2857872375,45,2857878082,220060136.0,2.02,1.89,-0.003282299740464456,-0.17211,-11935581.523854256,-0.4159,1501073800.9497,1501076798.4893,1818000000.0,3.86,-50.77052,2024-04-01T12:34:58.342Z,0.04559639,4072.22885,2020-03-13T02:29:26.415Z,"{'times': 14.865160770448641, 'currency': 'usd', 'percentage': 1486.5160770448642}",2024-11-17T16:08:54.259Z
arbitrum,arb,Arbitrum,https://coin-images.coingecko.com/coins/images/16547/large/arb.jpg?1721358242,0.685886,2810980702,46,6860468271,1295976450.0,0.752149,0.654129,0.03175718,4.85488,216299009.0,8.33624,4097359817.0,10000000000.0,10000000000.0,2.39,-71.26145,2024-01-12T12:29:59.231Z,0.431578,59.16788,2024-08-05T11:35:54.024Z,,2024-11-17T16:09:02.447Z
render-token,render,Render,https://coin-images.coingecko.com/coins/images/11636/large/rndr.png?1696511529,7.13,2800517264,47,3797820620,274094542.0,7.23,6.7,0.331509,4.8737,131104564.0,4.91136,392459381.455492,532219654.735492,,13.53,-47.09229,2024-03-17T16:30:24.636Z,0.03665669,19435.03169,2020-06-16T13:22:25.900Z,,2024-11-17T16:09:01.528Z
monero,xmr,Monero,https://coin-images.coingecko.com/coins/images/69/large/monero_logo.png?1696501460,151.38,2780792627,48,2780792627,54239662.0,152.04,145.83,5.55,3.80441,84716583.0,3.14222,18446744.0737096,18446744.0737096,,542.33,-72.08276,2018-01-09T00:00:00.000Z,0.216177,69936.39068,2015-01-14T00:00:00.000Z,,2024-11-17T16:08:58.718Z
okb,okb,OKB,https://coin-images.coingecko.com/coins/images/4463/large/WeChat_Image_20220118095654.png?1696505053,44.86,2690445607,49,10580521964,17941731.0,46.21,44.48,0.279192,0.62628,23899552.0,0.89627,60000000.0,235957685.3,300000000.0,73.8,-39.17441,2024-03-14T00:30:12.502Z,0.580608,7631.77832,2019-01-14T00:00:00.000Z,,2024-11-17T16:08:59.005Z
filecoin,fil,Filecoin,https://coin-images.coingecko.com/coins/images/12817/large/filecoin.png?1696512609,4.4,2633835546,50,8610319700,711669918.0,4.84,4.38,-0.11194066925541524,-2.48357,-68277781.64256,-2.52683,599506095.0,1959856282.0,1959856282.0,236.84,-98.14275,2021-04-01T13:29:41.564Z,2.64,66.5574,2022-12-16T22:45:28.552Z,,2024-11-17T16:08:58.050Z
floki,floki,FLOKI,https://coin-images.coingecko.com/coins/images/16746/large/PNG_image.png?1696516318,0.00026902,2611106890,51,2695936185,1282548250.0,0.00027519,0.00023374,3.528e-05,15.09489,342550582.0,15.09994,9685343830751.0,10000000000000.0,10000000000000.0,0.00034495,-21.2906,2024-06-05T07:25:59.137Z,8.428e-08,322050.22537,2021-07-06T01:11:20.438Z,,2024-11-17T16:08:56.716Z
first-digital-usd,fdusd,First Digital USD,https://coin-images.coingecko.com/coins/images/31079/large/FDUSD_icon_black.png?1731097953,0.998907,2603075863,52,2603075863,5886035527.0,1.006,0.995535,-0.000352136431292061,-0.03524,-6352362.479046822,-0.24344,2607717419.08,2607717419.08,,1.089,-8.37987,2024-05-20T19:42:15.377Z,0.942129,5.85967,2023-08-17T21:55:41.478Z,,2024-11-17T16:08:56.837Z
injective-protocol,inj,Injective,https://coin-images.coingecko.com/coins/images/12882/large/Secondary_Symbol.png?1696512670,25.75,2518487753,53,2577058617,283761143.0,26.99,24.91,0.822996,3.30125,81708516.0,3.35314,97727220.33,100000000.0,,52.62,-50.97157,2024-03-14T15:06:22.124Z,0.657401,3824.40742,2020-11-03T16:19:30.576Z,,2024-11-17T16:08:58.364Z
aave,aave,Aave,https://coin-images.coingecko.com/coins/images/12645/large/aave-token-round.png?1720472354,164.74,2466498299,54,2634822104,340917363.0,171.82,161.8,-1.8060202659470406,-1.0844,-28366884.26520586,-1.13701,14977850.961003033,16000000.0,16000000.0,661.69,-75.06304,2021-05-18T21:19:59.514Z,26.02,534.07159,2020-11-05T09:20:11.928Z,,2024-11-17T16:09:00.604Z
mantle,mnt,Mantle,https://coin-images.coingecko.com/coins/images/30980/large/token-logo.png?1696529819,0.717651,2412893115,55,4457158362,127459594.0,0.762108,0.714821,-0.012142699985652207,-1.66385,-47419186.913901806,-1.92736,3366841707.83684,6219316794.99,6219316794.99,1.54,-53.42238,2024-04-08T09:45:25.482Z,0.307978,132.71047,2023-10-18T02:50:46.942Z,,2024-11-17T16:08:58.406Z
vechain,vet,VeChain,https://coin-images.coingecko.com/coins/images/1167/large/VET_Token_Icon.png?1710013505,0.02885676,2336616509,56,2480878738,146724484.0,0.03232115,0.02837037,0.00048638,1.71441,32006101.0,1.38879,80985041177.0,85985041177.0,86712634466.0,0.280991,-89.73533,2021-04-19T01:08:21.675Z,0.00191713,1404.47664,2020-03-13T02:29:59.652Z,"{'times': 2.278455457516073, 'currency': 'eth', 'percentage': 227.84554575160735}",2024-11-17T16:08:54.009Z
cosmos,atom,Cosmos Hub,https://coin-images.coingecko.com/coins/images/1481/large/cosmos_hub.png?1696502525,5.79,2260913686,57,2262312203,619376838.0,6.57,5.54,0.245882,4.4374,94198001.0,4.3475,390688369.813272,390930035.085365,,44.45,-86.97884,2022-01-17T00:34:41.497Z,1.16,398.90984,2020-03-13T02:27:44.591Z,"{'times': 56.87000229125759, 'currency': 'usd', 'percentage': 5687.000229125759}",2024-11-17T16:08:56.196Z
immutable-x,imx,Immutable,https://coin-images.coingecko.com/coins/images/17233/large/immutableX-symbol-BLK-RGB.png?1696516787,1.34,2230405505,58,2670746649,136534159.0,1.38,1.3,0.02202186,1.67693,36288434.0,1.6539,1670248659.3898141,2000000000.0,2000000000.0,9.52,-85.92843,2021-11-26T01:03:01.536Z,0.378055,254.34144,2022-12-31T07:36:37.649Z,,2024-11-17T16:08:57.466Z
celestia,tia,Celestia,https://coin-images.coingecko.com/coins/images/31967/large/tia.jpg?1696530772,5.26,2210979611,59,5703844879,298029817.0,5.37,4.93,0.215871,4.27744,92846507.0,4.38341,420126522.030504,1083834739.72573,,20.85,-74.77295,2024-02-10T14:30:02.495Z,2.08,152.46266,2023-10-31T15:14:31.951Z,,2024-11-17T16:08:58.423Z
sei-network,sei,Sei,https://coin-images.coingecko.com/coins/images/28205/large/Sei_Logo_-_Transparent.png?1696527207,0.513202,2175353475,60,5118980625,492246600.0,0.548308,0.505673,-0.006847539154305693,-1.31671,-39407459.484820366,-1.77931,4249583333.0,10000000000.0,,1.14,-55.18629,2024-03-16T02:30:23.904Z,0.095364,435.58068,2023-10-19T08:05:30.655Z,,2024-11-17T16:09:01.905Z
optimism,op,Optimism,https://coin-images.coingecko.com/coins/images/25244/large/Optimism.png?1696524385,1.73,2169550889,61,7424403793,748146790.0,1.81,1.66,0.065632,3.94452,79151280.0,3.78642,1255070491.0,4294967296.0,4294967296.0,4.84,-64.28437,2024-03-06T08:35:50.817Z,0.402159,330.22162,2022-06-18T20:54:52.178Z,,2024-11-17T16:08:59.636Z
fantom,ftm,Fantom,https://coin-images.coingecko.com/coins/images/4001/large/Fantom_round.png?1696504642,0.71467,2003943327,62,2269382582,436402708.0,0.763749,0.698563,-0.012072203482960788,-1.66114,-37919668.56647825,-1.85711,2803634835.52659,3175000000.0,3175000000.0,3.46,-79.31895,2021-10-28T05:19:39.845Z,0.00190227,37500.83278,2020-03-13T02:25:38.280Z,"{'times': 22.822324007386065, 'currency': 'usd', 'percentage': 2282.232400738607}",2024-11-17T16:08:56.744Z
popcat,popcat,Popcat,https://coin-images.coingecko.com/coins/images/33760/large/image.jpg?1702964227,2.0,1960451546,63,1960451546,202672955.0,2.05,1.65,0.278164,16.1621,271134707.0,16.04996,979978669.96,979978669.96,979978694.0,2.05,-2.63908,2024-11-17T15:50:59.669Z,0.00379728,52582.60067,2024-01-05T15:34:24.842Z,,2024-11-17T16:09:00.047Z
bitget-token,bgb,Bitget Token,https://coin-images.coingecko.com/coins/images/11610/large/icon_colour.png?1696511504,1.38,1931787954,64,2759695106,53146452.0,1.41,1.35,0.00021074,0.01528,-7537105.2951853275,-0.38865,1400001000.0,2000000000.0,2000000000.0,1.48,-6.87688,2024-11-14T04:45:39.774Z,0.0142795,9547.41002,2020-06-25T04:17:05.895Z,,2024-11-17T16:08:54.171Z
the-graph,grt,The Graph,https://coin-images.coingecko.com/coins/images/13397/large/Graph_Token.png?1696513159,0.19817,1892200609,65,2137822797,145163167.0,0.2094,0.194895,0.00035621,0.18007,-1264884.3116848469,-0.0668,9548531509.16547,10788004319.0,10788004319.0,2.84,-93.02571,2021-02-12T07:28:45.775Z,0.052051,280.73206,2022-11-22T10:05:03.503Z,,2024-11-17T16:08:53.223Z
binance-peg-weth,weth,Binance-Peg WETH,https://coin-images.coingecko.com/coins/images/39580/large/weth.png?1723006716,3082.32,1864813504,66,1864813504,80894710.0,3182.87,3046.59,-53.6802677312553,-1.71174,-32704201.44178319,-1.72353,604999.999959841,604999.999959841,,3437.12,-10.32243,2024-11-12T09:22:30.621Z,2171.8,41.92498,2024-09-06T21:02:52.910Z,,2024-11-17T16:08:56.572Z
thorchain,rune,THORChain,https://coin-images.coingecko.com/coins/images/6595/large/Rune200x200.png?1696506946,5.45,1845360965,67,2260846023,433037242.0,5.78,5.38,-0.035221414463673995,-0.64181,-14633862.101942062,-0.78677,338663652.0,414914147.0,500000000.0,20.87,-73.74284,2021-05-19T00:30:09.436Z,0.00851264,64265.82596,2019-09-28T00:00:00.000Z,"{'times': 142.49003050065323, 'currency': 'usd', 'percentage': 14249.003050065323}",2024-11-17T16:08:53.626Z
based-brett,brett,Brett,https://coin-images.coingecko.com/coins/images/35529/large/1000050750.png?1709031995,0.170354,1684858060,68,1684858064,141921593.0,0.180134,0.164585,0.00560477,3.40201,50596588.0,3.09599,9910098045.19889,9910098068.67083,9999998988.0,0.193396,-11.85637,2024-11-16T02:20:45.363Z,0.00084753,20013.32939,2024-02-29T08:40:24.951Z,,2024-11-17T16:08:53.684Z
raydium,ray,Raydium,https://coin-images.coingecko.com/coins/images/13928/large/PSigc4ie_400x400.jpg?1696513668,5.61,1630531338,69,3110429622,428197937.0,6.14,4.66,0.952072,20.44514,276110464.0,20.38587,290938874.263255,555000000.0,555000000.0,16.83,-66.65024,2021-09-12T20:20:23.998Z,0.134391,4077.1481,2022-12-29T22:15:53.927Z,,2024-11-17T16:09:01.485Z
rocket-pool-eth,reth,Rocket Pool ETH,https://coin-images.coingecko.com/coins/images/20764/large/reth.png?1696520159,3453.15,1609880739,70,1609880739,12325968.0,3571.06,3424.0,-62.23838537628035,-1.77046,-31791658.87727475,-1.93654,466171.155597483,466171.155597483,,4814.31,-28.22731,2021-12-01T08:03:50.749Z,887.26,289.44012,2022-06-18T20:55:45.957Z,,2024-11-17T16:09:01.924Z
jupiter-exchange-solana,jup,Jupiter,https://coin-images.coingecko.com/coins/images/34188/large/jup.png?1704266489,1.19,1600578352,71,11856135942,669925064.0,1.31,1.09,0.099875,9.16508,121006337.0,8.17847,1350000000.0,10000000000.0,10000000000.0,2.0,-40.60701,2024-01-31T15:02:47.304Z,0.457464,159.66362,2024-02-21T18:31:05.083Z,,2024-11-17T16:08:58.339Z
ethena,ena,Ethena,https://coin-images.coingecko.com/coins/images/36530/large/ethena.png?1711701436,0.561742,1594490685,72,8415124012,526946204.0,0.60205,0.524036,0.03770589,7.19529,94977263.0,6.33387,2842187500.0,15000000000.0,,1.52,-62.99559,2024-04-11T13:15:15.057Z,0.195078,187.8934,2024-09-06T21:04:48.253Z,,2024-11-17T16:08:56.581Z
algorand,algo,Algorand,https://coin-images.coingecko.com/coins/images/4380/large/download.png?1696504978,0.187852,1553623141,73,1553623148,252047783.0,0.200982,0.185227,-0.011563424031459713,-5.79867,-85346211.0597837,-5.20731,8273930464.1885,8273930504.66934,10000000000.0,3.56,-94.71997,2019-06-20T14:51:19.480Z,0.087513,114.8585,2023-09-11T19:42:08.247Z,"{'times': -0.9217285062432774, 'currency': 'usd', 'percentage': -92.17285062432774}",2024-11-17T16:08:53.378Z
pyth-network,pyth,Pyth Network,https://coin-images.coingecko.com/coins/images/31924/large/pyth.png?1701245725,0.421218,1528791362,75,4217368528,296577149.0,0.448675,0.410939,0.00830375,2.01101,32627346.0,2.18073,3624988786.43857,10000000000.0,10000000000.0,1.2,-64.75546,2024-03-16T07:01:15.357Z,0.22352,88.64269,2024-08-05T11:30:50.894Z,,2024-11-17T16:08:59.970Z
peanut-the-squirrel,pnut,Peanut the Squirrel,https://coin-images.coingecko.com/coins/images/51301/large/pnut.jpg?1730602041,1.52,1526815830,74,1526815830,1570571826.0,1.76,1.49,-0.18719286811599,-10.94169,-190841585.20543623,-11.11057,999858912.07,999858912.07,999858912.07,2.44,-35.80158,2024-11-14T01:20:47.489Z,0.03187374,4807.86653,2024-11-04T21:41:11.808Z,,2024-11-17T16:08:59.532Z
worldcoin-wld,wld,Worldcoin,https://coin-images.coingecko.com/coins/images/31069/large/worldcoin.jpeg?1696529903,2.31,1517947144,76,23066372901,749989824.0,2.41,2.21,0.04259849,1.88161,36227940.0,2.44499,658077952.125075,10000000000.0,10000000000.0,11.74,-80.39174,2024-03-10T00:10:42.330Z,0.973104,136.57605,2023-09-13T07:36:44.064Z,,2024-11-17T16:08:54.897Z
solv-btc,solvbtc,Solv Protocol SolvBTC,https://coin-images.coingecko.com/coins/images/36800/large/solvBTC.png?1719810684,90267.0,1496356959,77,1497106084,21485847.0,91308.0,89467.0,242.89,0.26981,22425204.0,1.52145,16569.5105239163,16577.8057656135,21000000.0,92768.0,-2.69728,2024-11-13T16:15:35.654Z,49058.0,83.99825,2024-08-05T06:28:45.311Z,,2024-11-17T16:09:02.414Z
theta-token,theta,Theta Network,https://coin-images.coingecko.com/coins/images/2538/large/theta-token-logo.png?1696503349,1.48,1481210463,78,1481210463,83458895.0,1.55,1.47,-0.004621755747708179,-0.31127,-9623040.916403055,-0.64548,1000000000.0,1000000000.0,1000000000.0,15.72,-90.57622,2021-04-16T13:15:11.190Z,0.04039979,3566.82812,2020-03-13T02:24:16.483Z,"{'times': 8.867857175652906, 'currency': 'usd', 'percentage': 886.7857175652906}",2024-11-17T16:08:53.422Z
mantle-staked-ether,meth,Mantle Staked Ether,https://coin-images.coingecko.com/coins/images/33345/large/symbol_transparent_bg.png?1701697066,3225.89,1478681864,79,1478681864,24216999.0,3338.62,3173.78,-50.72139104763164,-1.54799,-31604977.876544,-2.09265,458427.211908395,458427.211908395,,4729.53,-31.84904,2024-03-27T05:26:27.333Z,2142.02,50.47589,2023-12-18T10:41:32.686Z,,2024-11-17T16:08:58.555Z
renzo-restaked-eth,ezeth,Renzo Restaked ETH,https://coin-images.coingecko.com/coins/images/34753/large/Ezeth_logo_circle.png?1713496404,3158.1,1410151760,80,1410151760,7228873.0,3259.22,3124.65,-52.96619494184051,-1.64949,-26051873.791864634,-1.81394,446517.697429896,446517.697429896,,4106.74,-23.07049,2024-03-12T00:44:29.429Z,2198.04,43.73246,2024-01-26T08:09:59.848Z,,2024-11-17T16:09:01.741Z
ondo-finance,ondo,Ondo,https://coin-images.coingecko.com/coins/images/26580/large/ONDO.png?1696525656,0.937867,1341488733,81,9333265901,312968057.0,1.015,0.933369,-0.013137973869540413,-1.38148,-27021489.740921497,-1.97452,1437319741.0074873,10000000000.0,10000000000.0,1.48,-36.88138,2024-06-03T08:29:55.744Z,0.082171,1035.88662,2024-01-18T12:14:30.524Z,,2024-11-17T16:08:59.231Z
coinbase-wrapped-btc,cbbtc,Coinbase Wrapped BTC,https://coin-images.coingecko.com/coins/images/40143/large/cbbtc.webp?1726136727,90202.0,1339488239,82,1339488239,272095365.0,91469.0,89522.0,-181.28282869241957,-0.20057,3096246.0,0.23169,14849.2294077,14849.2294077,,93196.0,-2.96434,2024-11-13T16:25:28.705Z,57439.0,57.44324,2024-09-12T14:07:41.775Z,,2024-11-17T16:09:01.643Z
goatseus-maximus,goat,Goatseus Maximus,https://coin-images.coingecko.com/coins/images/50717/large/GOAT_LOGO_NEW.jpg?1731292759,1.31,1314023146,83,1314023146,509843655.0,1.35,1.16,0.13096,11.06826,124425568.0,10.45947,999996698.550924,999996698.550924,1000000000.0,1.35,-1.08804,2024-11-17T13:01:21.319Z,0.04353971,2968.90339,2024-10-13T07:44:45.743Z,,2024-11-17T16:08:58.292Z
bitcoin-cash-sv,bsv,Bitcoin SV,https://coin-images.coingecko.com/coins/images/6799/large/BSV.png?1696507128,66.38,1313273644,84,1393913181,70132707.0,73.58,66.33,-2.3956424760150696,-3.48344,-49365343.77190757,-3.62277,19785125.0,21000000.0,21000000.0,489.75,-86.4114,2021-04-16T17:09:04.630Z,21.43,210.47715,2023-06-10T04:32:12.266Z,,2024-11-17T16:08:53.899Z
maker,mkr,Maker,https://coin-images.coingecko.com/coins/images/1364/large/Mark_Maker.png?1696502423,1487.23,1307595841,85,1352608980,138028798.0,1554.07,1470.1,-22.847502129315217,-1.513,-23031764.832818985,-1.73089,880794.496410346,911115.276207293,1005577.0,6292.31,-76.35327,2021-05-03T21:54:29.333Z,168.36,783.7895,2020-03-16T20:52:36.527Z,,2024-11-17T16:08:58.896Z
kucoin-shares,kcs,KuCoin,https://coin-images.coingecko.com/coins/images/1047/large/sa9z79.png?1696502152,10.88,1302363420,86,1546034467,312208.0,11.07,10.84,-0.02590728933577147,-0.23763,-11405122.279757977,-0.86812,120257114.14608,142757114.14608,,28.83,-62.41425,2021-12-01T15:09:35.541Z,0.342863,3060.42532,2019-02-07T00:00:00.000Z,,2024-11-17T16:08:57.650Z
gatechain-token,gt,Gate,https://coin-images.coingecko.com/coins/images/8183/large/gate.png?1696508395,9.8,1255313255,87,2940761564,4929215.0,9.94,9.59,0.093814,0.96606,10124354.0,0.81308,128060017.17436442,300000000.0,,12.94,-24.19418,2021-05-12T11:39:16.531Z,0.25754,3709.37905,2020-03-13T02:18:02.481Z,,2024-11-17T16:08:59.892Z
msol,msol,Marinade Staked SOL,https://coin-images.coingecko.com/coins/images/17752/large/mSOL.png?1696517278,287.88,1244200272,88,1244199984,20283382.0,296.72,262.97,24.08,9.1277,98332644.0,8.5815,4322381.0,4322380.0,4322380.0,296.72,-2.81907,2024-11-17T11:01:03.976Z,8.93,3129.05027,2022-12-29T20:45:33.039Z,,2024-11-17T16:08:59.117Z
beam-2,beam,Beam,https://coin-images.coingecko.com/coins/images/32417/large/chain-logo.png?1698114384,0.02358828,1229161854,89,1442354751,192644919.0,0.02624646,0.02055085,0.00200107,9.2697,101233344.0,8.97516,52110507833.0,61148853857.0,61148853857.0,0.04416304,-46.67398,2024-03-10T10:40:22.381Z,0.0043383,442.84817,2023-10-29T08:20:14.064Z,,2024-11-17T16:08:54.733Z
arweave,ar,Arweave,https://coin-images.coingecko.com/coins/images/4343/large/oRt6SiEN_400x400.jpg?1696504946,17.94,1174334335,90,1174334335,202524311.0,19.22,17.53,0.057037,0.31894,1721285.0,0.14679,65454185.5381511,65454185.5381511,66000000.0,89.24,-79.84547,2021-11-05T04:14:42.689Z,0.298788,5919.29829,2020-01-31T06:47:36.543Z,"{'times': 23.24407164025896, 'currency': 'usd', 'percentage': 2324.407164025896}",2024-11-17T16:09:01.439Z
quant-network,qnt,Quant,https://coin-images.coingecko.com/coins/images/3370/large/5ZOu7brX_400x400.jpg?1696504070,78.9,1147277553,91,1152666539,253783086.0,92.1,72.65,6.25,8.60486,96465018.0,9.18004,14544176.164091088,14612493.0,14612493.0,427.42,-81.53219,2021-09-11T09:15:00.668Z,0.215773,36482.62057,2018-08-23T00:00:00.000Z,"{'times': 10.013304279019643, 'currency': 'eth', 'percentage': 1001.3304279019644}",2024-11-17T16:09:00.019Z
gala,gala,GALA,https://coin-images.coingecko.com/coins/images/12493/large/GALA_token_image_-_200PNG.png?1709725869,0.02890127,1143714685,93,1151646655,375554766.0,0.03085559,0.02760436,0.00129691,4.69821,46823340.0,4.26873,39580700766.4917,39855203597.7503,50000000000.0,0.824837,-96.49948,2021-11-26T01:03:48.731Z,0.00013475,21327.59765,2020-12-28T08:46:48.367Z,,2024-11-17T16:08:56.896Z
cat-in-a-dogs-world,mew,cat in a dogs world,https://coin-images.coingecko.com/coins/images/36440/large/MEW.png?1711442286,0.01247898,1109516259,92,1109516259,438137266.0,0.01288153,0.01075231,0.00154721,14.15338,135335796.0,13.89227,88888888888.88,88888888888.88,88888888888.88,0.01288153,-2.31949,2024-11-17T16:03:04.829Z,0.00091206,1279.59884,2024-03-27T01:55:58.952Z,,2024-11-17T16:08:55.686Z
bittorrent,btt,BitTorrent,https://coin-images.coingecko.com/coins/images/22457/large/btt_logo.png?1696521780,1.11e-06,1070152650,94,1094195747,60658507.0,1.17e-06,1.1e-06,-1.1262961032e-08,-1.00876,-11889494.124803424,-1.0988,968246428571000.0,990000000000000.0,990000000000000.0,3.43e-06,-67.73999,2022-01-21T04:00:31.909Z,3.65368e-07,202.96887,2023-10-13T05:10:41.241Z,,2024-11-17T16:08:58.127Z
flare-networks,flr,Flare,https://coin-images.coingecko.com/coins/images/28624/large/FLR-icon200x200.png?1696527609,0.02052338,1064201174,95,2081322047,82162729.0,0.0259011,0.01970531,-0.004245550734942053,-17.14063,-149855953.79474592,-12.3434,52540022022.9148,102755671492.167,,0.150073,-86.473,2023-01-10T03:14:05.921Z,0.00827405,145.34976,2023-10-19T03:35:41.663Z,,2024-11-17T16:09:00.587Z
jasmycoin,jasmy,JasmyCoin,https://coin-images.coingecko.com/coins/images/13876/large/JASMY200x200.jpg?1696513620,0.02165307,1048889714,97,1083116186,199942762.0,0.02302195,0.0213122,0.00034087,1.59941,11456710.0,1.10433,48419999999.3058,50000000000.0,50000000000.0,4.79,-99.54643,2021-02-16T03:53:32.207Z,0.00275026,689.97591,2022-12-29T20:41:09.113Z,,2024-11-17T16:08:57.970Z
lido-dao,ldo,Lido DAO,https://coin-images.coingecko.com/coins/images/13573/large/Lido_DAO.png?1696513326,1.17,1047327369,96,1169252885,186978074.0,1.25,1.15,-0.017949165788017307,-1.5117,-15779436.92699325,-1.48428,895723570.893679,1000000000.0,1000000000.0,7.3,-83.95178,2021-08-20T08:35:20.158Z,0.40615,188.55883,2022-06-18T20:55:12.035Z,,2024-11-17T16:08:58.251Z
fasttoken,ftn,Fasttoken,https://coin-images.coingecko.com/coins/images/28478/large/lightenicon_200x200.png?1696527472,3.09,1029835365,98,2719152990,80761001.0,3.1,3.07,0.00671466,0.21777,1467467.0,0.1427,333285815.17373455,880000000.0,1000000000.0,3.18,-2.82555,2024-11-15T01:10:41.396Z,0.398142,675.10382,2023-01-21T10:15:39.503Z,,2024-11-17T16:08:56.249Z
mog-coin,mog,Mog Coin,https://coin-images.coingecko.com/coins/images/31059/large/MOG_LOGO_200x200.png?1696529893,2.6e-06,1012418620,99,1012418620,45876993.0,2.72e-06,2.53e-06,-5.9808297495e-08,-2.2521,-26521214.427990556,-2.55272,390567524948958.44,390567524948958.44,420690000000000.0,2.97e-06,-12.62429,2024-11-16T02:40:40.544Z,4.526e-09,57158.82922,2023-07-24T17:10:57.805Z,,2024-11-17T16:08:58.627Z
flow,flow,Flow,https://coin-images.coingecko.com/coins/images/13446/large/5f6294c0c7a8cda55cb1c936_Flow_Wordmark.png?1696513210,0.652013,1006490408,100,1006490408,79797449.0,0.695019,0.651519,-0.003713915496547538,-0.56638,-7682945.1130383015,-0.75756,1544758530.84106,1544758530.84106,,42.4,-98.4591,2021-04-05T13:49:10.098Z,0.391969,66.67102,2023-09-11T19:41:06.528Z,,2024-11-17T16:08:56.582Z
ether-fi-staked-eth,eeth,ether.fi Staked ETH,https://coin-images.coingecko.com/coins/images/33049/large/ether.fi_eETH.png?1700473063,3073.14,1005322383,101,6515842683,219457.0,3182.47,3045.36,-57.24840892627162,-1.8288,-30240839.624683857,-2.92023,327123.6821594058,2120200.2213893,,5307.23,-42.11997,2024-08-06T16:16:30.007Z,2155.76,42.49411,2024-02-08T11:26:30.368Z,,2024-11-17T16:08:56.092Z
helium,hnt,Helium,https://coin-images.coingecko.com/coins/images/4284/large/Helium_HNT.png?1696504894,5.8,998656533,102,1292610948,17610771.0,6.16,5.76,0.03845176,0.66752,7045406.0,0.7105,172287266.46345,223000000.0,223000000.0,54.88,-89.43419,2021-11-12T23:08:25.301Z,0.113248,5019.93515,2020-04-18T00:19:10.902Z,,2024-11-17T16:08:57.044Z
lombard-staked-btc,lbtc,Lombard Staked BTC,https://coin-images.coingecko.com/coins/images/39969/large/LBTC_Logo.png?1724959872,90230.0,982721610,103,982721610,1452197.0,91219.0,88797.0,478.37,0.533,4590457.0,0.46931,10898.00192087,10898.00192087,,93317.0,-2.9154,2024-11-13T16:15:37.014Z,52119.0,73.82523,2024-09-06T21:01:52.094Z,,2024-11-17T16:08:57.889Z
starknet,strk,Starknet,https://coin-images.coingecko.com/coins/images/26433/large/starknet.png?1696525507,0.462384,970395556,104,4622130606,159987300.0,0.476356,0.447073,0.01332942,2.96833,25962390.0,2.74899,2099455075.0,10000000000.0,10000000000.0,4.41,-89.53979,2024-02-20T12:05:13.556Z,0.321161,43.75277,2024-08-05T13:30:55.185Z,,2024-11-17T16:08:52.541Z
matic-network,matic,Polygon,https://coin-images.coingecko.com/coins/images/4713/large/polygon.png?1698233745,0.407157,956254532,105,4073924079,21293587.0,0.438095,0.405333,0.00097059,0.23895,-1491834.4612551928,-0.15577,2347256633.4957075,10000000000.0,10000000000.0,2.92,-86.0135,2021-12-27T02:08:34.307Z,0.00314376,12874.37534,2019-05-10T00:00:00.000Z,"{'times': 153.81273393322894, 'currency': 'usd', 'percentage': 15381.273393322894}",2024-11-17T16:08:58.944Z
eos,eos,EOS,https://coin-images.coingecko.com/coins/images/738/large/CG_EOS_Icon.png?1731705232,0.628395,952664751,106,1318883723,244071967.0,0.689484,0.627939,-0.033138299050104014,-5.00932,-51831212.04917097,-5.15992,1516885789.1746,2100000000.0,2100000000.0,22.71,-97.23276,2018-04-29T07:50:33.540Z,0.402746,56.04792,2024-11-04T21:55:59.771Z,"{'times': -0.3652577358777999, 'currency': 'usd', 'percentage': -36.52577358777999}",2024-11-17T16:08:56.589Z
jupiter-staked-sol,jupsol,Jupiter Staked SOL,https://coin-images.coingecko.com/coins/images/37482/large/jupsol.png?1714473916,246.41,942965325,107,942965325,21392757.0,253.51,224.95,20.81,9.2238,75647490.0,8.722,3822962.00834105,3822962.00834105,,253.51,-2.80185,2024-11-17T11:10:46.139Z,114.32,115.54925,2024-08-05T11:36:21.655Z,,2024-11-17T16:08:57.749Z
aerodrome-finance,aero,Aerodrome Finance,https://coin-images.coingecko.com/coins/images/31745/large/token.png?1696530564,1.34,926360201,108,1832300067,56870432.0,1.4,1.32,-0.04561010903635854,-3.28273,-33633070.67889702,-3.50347,690273383.1036,1365330640.70296,,2.31,-41.79931,2024-04-12T03:44:52.080Z,1.861e-05,7211199.72469,2023-10-17T01:23:50.860Z,,2024-11-17T16:09:00.520Z
solv-protocol-solvbtc-bbn,solvbtc.bbn,Solv Protocol SolvBTC.BBN,https://coin-images.coingecko.com/coins/images/39384/large/unnamed.png?1721961640,89979.0,905131961,109,905131961,1798480.0,91025.0,89124.0,33.37,0.0371,1355882.0,0.15002,10058.68974629,10058.68974629,21000000.0,92658.0,-2.88592,2024-11-13T18:55:39.330Z,11402.13,689.18311,2024-09-10T17:58:43.974Z,,2024-11-17T16:09:02.214Z
coredaoorg,core,Core,https://coin-images.coingecko.com/coins/images/28938/large/file_589.jpg?1701868471,0.973093,896585127,110,2043494140,73214918.0,1.024,0.953074,0.01718802,1.79809,15476579.0,1.75649,921377130.639203,2100000000.0,2100000000.0,6.14,-84.19826,2023-02-08T12:55:39.828Z,0.334237,190.45267,2023-11-03T01:20:55.441Z,,2024-11-17T16:08:55.523Z
dydx-chain,dydx,dYdX,https://coin-images.coingecko.com/coins/images/32594/large/dydx.png?1698673495,1.28,896242366,111,896242366,60256280.0,1.34,1.26,0.00862522,0.67994,9536661.0,1.07552,700961366.255808,700961366.255808,1000000000.0,4.52,-71.77704,2024-03-07T22:19:11.131Z,0.809127,57.6141,2024-09-06T21:01:26.089Z,,2024-11-17T16:08:56.213Z
tokenize-xchange,tkx,Tokenize Xchange,https://coin-images.coingecko.com/coins/images/4984/large/TKX_-_Logo_-_RGB-15.png?1696505519,11.2,895964541,112,1120011677,20703161.0,12.22,10.85,-0.5972158219013011,-5.06193,-48852359.11884296,-5.17056,79995999.94518414,100000000.0,100000000.0,22.3,-49.83919,2022-10-31T10:23:59.455Z,0.111255,9952.58321,2019-04-28T00:00:00.000Z,"{'times': 37.557519233638345, 'currency': 'usd', 'percentage': 3755.751923363835}",2024-11-17T16:08:53.104Z
arbitrum-bridged-wbtc-arbitrum-one,wbtc,Arbitrum Bridged WBTC (Arbitrum One),https://coin-images.coingecko.com/coins/images/39532/large/wbtc.png?1722810336,90120.0,882669547,114,882669547,119536061.0,91201.0,89306.0,-29.35137196384312,-0.03256,1313285.0,0.14901,9794.18689747,9794.18689747,,92925.0,-3.00566,2024-11-13T16:15:25.409Z,49594.0,81.73937,2024-08-05T13:30:13.831Z,,2024-11-17T16:09:01.595Z
neiro-3,neiro,Neiro,https://coin-images.coingecko.com/coins/images/39488/large/neiro.jpg?1731449567,0.00210116,882325752,113,882325752,506310887.0,0.00213928,0.00194911,8.795e-05,4.36853,34245270.0,4.03797,420690000000.0,420690000000.0,420690000000.0,0.00301761,-30.37023,2024-11-12T08:05:49.038Z,2.44e-06,86068.6708,2024-08-01T07:00:23.692Z,,2024-11-17T16:08:58.834Z
ecash,xec,eCash,https://coin-images.coingecko.com/coins/images/16646/large/Logo_final-22.png?1696516207,4.433e-05,876062697,115,929830785,65628916.0,4.903e-05,4.421e-05,-1.719897432376e-06,-3.73481,-34818726.99200368,-3.82253,19785660922584.0,21000000000000.0,21000000000000.0,0.00038001,-88.35404,2021-09-04T17:09:31.137Z,1.847e-05,139.61241,2021-07-20T20:49:46.212Z,,2024-11-17T16:08:55.992Z
neo,neo,NEO,https://coin-images.coingecko.com/coins/images/480/large/NEO_512_512.png?1696501735,12.3,867333594,116,1229737124,82921888.0,13.23,12.26,-0.2664921536928002,-2.12081,-20943257.789141893,-2.35774,70530000.0,100000000.0,,198.38,-93.79344,2018-01-15T00:00:00.000Z,0.078349,15615.07328,2016-10-21T00:00:00.000Z,"{'times': 340.6410034490653, 'currency': 'usd', 'percentage': 34064.100344906525}",2024-11-17T16:08:59.051Z
axie-infinity,axs,Axie Infinity,https://coin-images.coingecko.com/coins/images/13029/large/axie_infinity_logo.png?1696512817,5.6,860110397,117,1513474654,153537460.0,6.15,5.6,-0.03850480647170773,-0.68232,-7666640.264142036,-0.88348,153441490.798229,270000000.0,270000000.0,164.9,-96.59467,2021-11-06T19:29:29.482Z,0.123718,4438.79726,2020-11-06T08:05:43.662Z,,2024-11-17T16:09:01.933Z
pendle,pendle,Pendle,https://coin-images.coingecko.com/coins/images/15069/large/Pendle_Logo_Normal-03.png?1696514728,5.25,859142388,118,1355844589,138055556.0,5.52,5.15,-0.016408687411500367,-0.31164,-4117638.745803356,-0.47699,163766511.165949,258446028.244635,258446028.244635,7.5,-29.91517,2024-04-11T08:25:36.646Z,0.03377729,15469.03201,2022-11-14T20:15:58.336Z,,2024-11-17T16:09:01.390Z
aioz-network,aioz,AIOZ Network,https://coin-images.coingecko.com/coins/images/14631/large/aioz-logo-200.png?1696514309,0.750813,853124704,119,855256172,15536108.0,0.784907,0.726782,-0.014729459854763595,-1.92405,-19382315.53015852,-2.22145,1134131945.67106,1136965488.94375,,2.65,-71.59228,2021-04-03T11:55:34.211Z,0.01099588,6748.57101,2023-09-13T19:20:42.446Z,,2024-11-17T16:09:01.527Z
the-sandbox,sand,The Sandbox,https://coin-images.coingecko.com/coins/images/12129/large/sandbox_logo.jpg?1696511971,0.353,843968776,120,1057502445,528835904.0,0.393312,0.324803,0.02819795,8.68157,62825476.0,8.04276,2394232126.2233224,3000000000.0,3000000000.0,8.4,-95.79987,2021-11-25T06:04:40.957Z,0.02897764,1117.0647,2020-11-04T15:59:14.441Z,,2024-11-17T16:08:53.719Z
elrond-erd-2,egld,MultiversX,https://coin-images.coingecko.com/coins/images/12335/large/egld-token-logo.png?1696512162,29.91,825497589,121,825497589,69798401.0,32.6,29.7,0.213138,0.71767,3315582.0,0.40327,27623960.0,27623960.0,31415926.0,545.64,-94.51631,2021-11-23T10:33:26.737Z,6.51,359.85452,2020-10-07T01:44:53.554Z,,2024-11-17T16:08:56.229Z
akash-network,akt,Akash Network,https://coin-images.coingecko.com/coins/images/12785/large/akash-logo.png?1696512580,3.31,817106725,122,819897478,12763998.0,3.37,3.15,0.101201,3.15231,23658614.0,2.98175,247443076.710739,248288195.807791,388539008.0,8.07,-59.04728,2021-04-06T18:59:48.484Z,0.164994,1904.26777,2022-11-21T20:30:53.727Z,,2024-11-17T16:09:00.717Z
tezos,xtz,Tezos,https://coin-images.coingecko.com/coins/images/976/large/Tezos-logo.png?1696502091,0.793111,803425853,124,819688801,78095828.0,0.882466,0.790411,0.0027006,0.34167,-1251310.5135222673,-0.1555,1013134407.88193,1033642276.631,,9.12,-91.29512,2021-10-04T00:41:18.025Z,0.350476,126.41844,2018-12-07T00:00:00.000Z,"{'times': 0.68747103191187, 'currency': 'usd', 'percentage': 68.747103191187}",2024-11-17T16:08:53.953Z
ordinals,ordi,ORDI,https://coin-images.coingecko.com/coins/images/30162/large/ordi.png?1696529082,38.2,803299636,123,803299636,282667162.0,40.08,36.76,0.164343,0.43207,-1357549.4423698187,-0.16871,21000000.0,21000000.0,,95.52,-59.95901,2024-03-05T01:45:22.816Z,2.86,1236.88944,2023-09-11T15:22:32.140Z,,2024-11-17T16:08:59.579Z
kaia,kaia,Kaia,https://coin-images.coingecko.com/coins/images/39901/large/KAIA.png?1724734368,0.135149,791991373,126,791991399,24692347.0,0.141004,0.134003,-0.002173574905844661,-1.58282,-8863310.52984333,-1.10673,5856641747.106198,5856641936.044253,,0.153618,-12.02244,2024-10-31T13:21:09.024Z,0.113064,19.53349,2024-11-04T21:46:05.335Z,,2024-11-17T16:08:57.583Z
nexo,nexo,NEXO,https://coin-images.coingecko.com/coins/images/3695/large/CG-nexo-token-200x200_2x.png?1730414360,1.23,791984701,125,1225705796,12419393.0,1.27,1.22,-0.004269430654509466,-0.34688,-4180701.2113109827,-0.5251,646145839.5746847,1000000000.0,1000000000.0,4.07,-69.81436,2021-05-12T14:37:47.535Z,0.04515276,2619.52999,2018-09-13T00:00:00.000Z,"{'times': 11.26524745395721, 'currency': 'usd', 'percentage': 1126.524745395721}",2024-11-17T16:08:58.909Z
apecoin,ape,ApeCoin,https://coin-images.coingecko.com/coins/images/24383/large/apecoin.jpg?1696523566,1.092,788117691,127,1092409638,284163498.0,1.16,1.079,-0.040994805377563504,-3.61706,-29074554.297906995,-3.55786,721448863.0,1000000000.0,1000000000.0,26.7,-95.90944,2022-04-28T21:44:21.164Z,0.482009,126.56265,2024-08-05T06:45:11.515Z,,2024-11-17T16:09:01.053Z
mina-protocol,mina,Mina Protocol,https://coin-images.coingecko.com/coins/images/15628/large/JM4_vQ34_400x400.png?1696515261,0.662674,783707825,128,793855750,108467507.0,0.710775,0.662472,-0.001037690985353224,-0.15635,-2560222.4487890005,-0.32562,1183005758.84004,1198324035.84004,,9.09,-92.69005,2021-06-01T01:42:37.064Z,0.333518,99.23935,2024-08-05T06:27:21.687Z,,2024-11-17T16:08:58.600Z
notcoin,not,Notcoin,https://coin-images.coingecko.com/coins/images/33453/large/rFmThDiD_400x400.jpg?1701876350,0.00740871,757998056,129,757998056,268001750.0,0.00781541,0.00712179,2.691e-05,0.36458,-480196.97254025936,-0.06331,102456957533.563,102456957533.563,,0.02836145,-73.88097,2024-06-02T18:00:38.587Z,0.00461057,60.66872,2024-05-24T07:12:14.147Z,,2024-11-17T16:08:59.285Z
usdd,usdd,USDD,https://coin-images.coingecko.com/coins/images/25380/large/UUSD.jpg?1696524513,0.99898,757326135,130,757326135,2395203.0,1.003,0.992841,0.00099613,0.09981,4935797.0,0.65602,759521562.658883,759521562.658883,,1.052,-5.29448,2023-10-23T22:45:25.398Z,0.928067,7.33392,2022-06-19T16:15:11.558Z,,2024-11-17T16:08:53.788Z
binance-peg-dogecoin,doge,Binance-Peg Dogecoin,https://coin-images.coingecko.com/coins/images/15768/large/dogecoin.png?1696515392,0.36261,748455190,131,748455190,12662305.0,0.375629,0.344152,-0.001622799750087112,-0.44554,-5760248.472844958,-0.76374,2064000000.0,2064000000.0,,0.439184,-17.03151,2021-06-03T05:48:51.132Z,0.04955727,635.27986,2022-06-18T20:56:27.223Z,,2024-11-17T16:08:53.833Z
decentraland,mana,Decentraland,https://coin-images.coingecko.com/coins/images/878/large/decentraland-mana.png?1696502010,0.397923,743235211,133,872601099,237014698.0,0.436644,0.397317,-0.002856645293152993,-0.71277,-11424452.745609283,-1.51385,1868033516.176934,2193179327.32015,2193179327.32015,5.85,-93.20478,2021-11-25T10:04:18.534Z,0.00923681,4204.25749,2017-10-31T00:00:00.000Z,"{'times': 18.896173291700844, 'currency': 'usd', 'percentage': 1889.6173291700845}",2024-11-17T16:08:55.993Z
book-of-meme,bome,BOOK OF MEME,https://coin-images.coingecko.com/coins/images/36071/large/bome.png?1710407255,0.01073119,742189533,132,742189533,794766436.0,0.01102998,0.00952848,0.00079934,8.0482,55727673.0,8.1181,68999659569.0,68999659569.0,68999659569.0,0.02688878,-60.04826,2024-03-16T13:51:17.648Z,5.848e-05,18268.78767,2024-03-14T10:17:29.365Z,,2024-11-17T16:08:54.699Z
l2-standard-bridged-weth-base,weth,L2 Standard Bridged WETH (Base),https://coin-images.coingecko.com/coins/images/39810/large/weth.png?1724139790,3076.14,713318055,134,713318055,806099920.0,3181.16,3050.23,-54.44660633831245,-1.73918,18045282.0,2.59542,231456.049843751,231456.049843751,,3444.73,-10.70003,2024-11-12T09:06:21.294Z,2160.5,42.38093,2024-09-06T21:02:32.860Z,,2024-11-17T16:09:00.291Z
conflux-token,cfx,Conflux,https://coin-images.coingecko.com/coins/images/13079/large/3vuYMbjN.png?1696512867,0.153246,710483008,135,853936622,91478406.0,0.161832,0.149863,0.00227804,1.50896,11336834.0,1.62153,4628080231.00974,5562535843.29667,,1.7,-90.96428,2021-03-27T03:43:35.178Z,0.02199898,598.59445,2022-12-30T08:16:30.345Z,,2024-11-17T16:08:55.239Z
kelp-dao-restaked-eth,rseth,Kelp DAO Restaked ETH,https://coin-images.coingecko.com/coins/images/33800/large/Icon___Dark.png?1702991855,3172.9,695871436,136,695871436,10560726.0,3268.37,3136.23,-58.40085682209792,-1.80735,-15459081.115155697,-2.17326,219452.578955008,219452.578955008,,4033.48,-21.36939,2024-03-13T08:55:33.936Z,2069.62,53.24262,2024-01-23T14:25:53.609Z,,2024-11-17T16:08:57.457Z
wormhole,w,Wormhole,https://coin-images.coingecko.com/coins/images/35087/large/womrhole_logo_full_color_rgb_2000px_72ppi_fb766ac85a.png?1708688954,0.251087,686146738,137,2510816175,142272671.0,0.258635,0.238454,0.01216918,5.09347,30369704.0,4.6311,2732763731.0,10000000000.0,10000000000.0,1.66,-84.85511,2024-04-03T11:46:35.308Z,0.16434,52.76874,2024-08-05T06:26:45.610Z,,2024-11-17T16:08:54.859Z
dog-go-to-the-moon-rune,dog,DOGGOTOTHEMOON (Runes),https://coin-images.coingecko.com/coins/images/37352/large/DOGGOTOTHEMOON.png?1714096969,0.0067754,677687206,138,677687206,73734095.0,0.00707197,0.00494161,0.0018338,37.10934,180691886.0,36.35686,100000000000.0,100000000000.0,100000000000.0,0.00976482,-30.60147,2024-06-04T12:07:35.002Z,0.0018022,276.02106,2024-08-05T06:45:06.508Z,,2024-11-17T16:08:56.282Z
binance-staked-sol,bnsol,Binance Staked SOL,https://coin-images.coingecko.com/coins/images/40132/large/bnsol.png?1725968367,236.43,663990564,139,663990564,9340543.0,243.87,215.94,19.01,8.74161,74644258.0,12.6656,2808366.80845825,2808366.80845825,,243.87,-2.45985,2024-11-17T11:00:38.316Z,127.32,86.82667,2024-09-18T15:30:14.531Z,,2024-11-17T16:08:53.929Z
gnosis,gno,Gnosis,https://coin-images.coingecko.com/coins/images/662/large/logo_square_simple_300px.png?1696501854,255.09,660597636,140,765292449,9872542.0,261.57,251.16,0.289009,0.11343,164283.0,0.02487,2589589.0,3000000.0,3000000.0,644.2,-60.39086,2021-11-08T17:33:29.302Z,6.88,3606.55591,2020-03-13T02:24:11.825Z,,2024-11-17T16:08:56.933Z
axelar,axl,Axelar,https://coin-images.coingecko.com/coins/images/27277/large/V-65_xQ1_400x400.jpeg?1696526329,0.772466,653643180,141,909503376,52206384.0,0.807453,0.712467,0.059999,8.4213,49928602.0,8.27023,845961506.40225,1177102231.42025,,2.64,-70.80048,2024-03-01T09:20:05.541Z,0.312911,146.71836,2023-10-26T16:35:19.041Z,,2024-11-17T16:08:55.953Z
zcash,zec,Zcash,https://coin-images.coingecko.com/coins/images/486/large/circle-zcash-color.png?1696501740,43.13,652254687,143,905934743,106920071.0,46.5,40.94,2.18,5.31177,31707143.0,5.10954,15119575.1655448,21000000.0,21000000.0,3191.93,-98.64684,2016-10-29T00:00:00.000Z,16.08,168.60445,2024-07-05T04:22:29.321Z,,2024-11-17T16:08:55.366Z
turbo,turbo,Turbo,https://coin-images.coingecko.com/coins/images/30117/large/TurboMark-QL_200.png?1708079597,0.00938225,649437176,142,649437176,277570980.0,0.00955826,0.0084651,0.00062326,7.11563,45476340.0,7.52968,69000000000.0,69000000000.0,69000000000.0,0.01316848,-28.38633,2024-10-15T14:29:39.918Z,6.518e-05,14368.48308,2023-09-26T21:46:54.834Z,,2024-11-17T16:08:53.744Z
frax,frax,Frax,https://coin-images.coingecko.com/coins/images/13422/large/FRAX_icon.png?1696513182,0.996697,646580841,144,646580841,11944549.0,0.999093,0.991996,0.00124149,0.12472,-788481.3355181217,-0.1218,649433438.165934,649433438.165934,,1.14,-12.70022,2021-02-07T12:55:35.766Z,0.874536,13.84448,2023-03-11T07:50:39.316Z,,2024-11-17T16:08:56.801Z
chiliz,chz,Chiliz,https://coin-images.coingecko.com/coins/images/8834/large/CHZ_Token_updated.png?1696508986,0.070501,643101277,145,643101277,173683857.0,0.075474,0.070446,-0.000838921047727703,-1.17594,-8552740.478919506,-1.31247,9121824867.0,9121824867.0,,0.878633,-91.96798,2021-03-13T08:04:21.200Z,0.00410887,1617.54957,2019-09-28T00:00:00.000Z,"{'times': 2.2046083583571487, 'currency': 'usd', 'percentage': 220.46083583571487}",2024-11-17T16:08:55.238Z
xdce-crowd-sale,xdc,XDC Network,https://coin-images.coingecko.com/coins/images/2912/large/xdc-icon.png?1696503661,0.0425278,633748706,147,1610804310,35193274.0,0.04944858,0.04197476,-0.005536028695915587,-11.51808,-86623412.64519203,-12.02481,14930338781.9,37948565174.7,,0.192754,-77.99464,2021-08-21T04:39:48.324Z,0.00039532,10629.64948,2019-07-22T00:00:00.000Z,"{'times': 0.8357302496439668, 'currency': 'eth', 'percentage': 83.57302496439668}",2024-11-17T16:08:54.912Z
grass,grass,Grass,https://coin-images.coingecko.com/coins/images/40094/large/Grass.jpg?1725697048,2.6,633519515,146,2597401770,240077429.0,2.75,2.37,0.110911,4.46141,24639116.0,4.04663,243905091.0,1000000000.0,1000000000.0,3.89,-31.05288,2024-11-08T12:26:05.892Z,0.654959,309.73497,2024-10-28T15:20:48.857Z,,2024-11-17T16:08:56.722Z
arkham,arkm,Arkham,https://coin-images.coingecko.com/coins/images/30929/large/Arkham_Logo_CG.png?1696529771,2.13,631996909,148,2125137688,224624977.0,2.26,2.03,0.098091,4.83301,27893277.0,4.6173,297391041.0,1000000000.0,1000000000.0,3.98,-46.55178,2024-03-10T00:04:54.733Z,0.287824,638.3461,2023-10-19T02:00:13.308Z,,2024-11-17T16:09:01.247Z
arbitrum-bridged-weth-arbitrum-one,weth,Arbitrum Bridged WETH (Arbitrum One),https://coin-images.coingecko.com/coins/images/39713/large/WETH.PNG?1723731496,3080.65,631303447,149,631303447,712423566.0,3182.72,3047.87,-49.28230055545373,-1.57455,9147025.0,1.47021,204828.332785007,204828.332785007,,3431.31,-10.21874,2024-11-12T09:07:06.624Z,2161.12,42.54996,2024-09-06T21:04:39.238Z,,2024-11-17T16:09:02.464Z
tether-gold,xaut,Tether Gold,https://coin-images.coingecko.com/coins/images/10481/large/Tether_Gold.png?1696510471,2561.59,631285897,150,631285897,3285783.0,2573.23,2555.59,-1.0663355463684638,-0.04161,-1608637.1447396278,-0.25417,246524.33,246524.33,,2815.31,-8.98775,2024-10-23T08:16:16.662Z,1447.84,76.97207,2020-03-19T13:45:41.821Z,,2024-11-17T16:08:53.036Z
act-i-the-ai-prophecy,act,Act I The AI Prophecy,https://coin-images.coingecko.com/coins/images/50984/large/ai_prophecy.jpg?1729653897,0.646216,612488879,151,612488879,573182434.0,0.685513,0.590931,-0.000143215634527571,-0.02216,-3974484.228582859,-0.64472,948246565.486775,948246565.486775,1000000000.0,0.919768,-29.44233,2024-11-14T08:35:39.083Z,0.01259861,5051.10011,2024-10-25T19:44:36.847Z,,2024-11-17T16:09:00.444Z
superfarm,super,SuperVerse,https://coin-images.coingecko.com/coins/images/14040/large/SV-Logo-200x200.png?1706880312,1.34,605745359,152,1341047397,41873174.0,1.38,1.28,0.060012,4.68415,25538082.0,4.40154,451694843.416917,999998077.416917,999998077.416917,4.74,-71.66437,2021-03-31T07:38:55.006Z,0.070397,1808.49387,2023-10-19T02:20:23.295Z,,2024-11-17T16:08:52.814Z
terra-luna,lunc,Terra Luna Classic,https://coin-images.coingecko.com/coins/images/8284/large/01_LunaClassic_color.png?1696508486,0.00010968,599856713,153,715142665,137383736.0,0.00012058,0.00010927,-9.624249923868e-06,-8.0671,-54050296.21716964,-8.26575,5467448538571.44,6518232824696.21,,119.18,-99.99991,2022-04-05T12:24:58.854Z,9.99967e-07,10896.96452,2022-05-13T02:34:40.340Z,,2024-11-17T16:08:52.999Z
spx6900,spx,SPX6900,https://coin-images.coingecko.com/coins/images/31401/large/sticker_%281%29.jpg?1702371083,0.642166,598138293,154,598138293,23301508.0,0.706785,0.630284,-0.03918475518647747,-5.75104,-38768933.22758579,-6.08706,930993089.4490612,930993089.4490612,1000000000.0,0.985483,-34.7916,2024-10-29T11:32:11.281Z,0.00131808,48653.97832,2024-02-04T19:12:19.110Z,,2024-11-17T16:08:52.157Z
ethereum-name-service,ens,Ethereum Name Service,https://coin-images.coingecko.com/coins/images/19785/large/ENS.jpg?1727872989,17.75,588057477,155,1773095441,280290599.0,19.18,17.74,-0.363290304517367,-2.00538,-10962372.842241764,-1.83005,33165585.054507963,100000000.0,100000000.0,83.4,-78.67765,2021-11-11T02:20:01.099Z,6.69,165.77663,2023-10-19T02:35:00.861Z,,2024-11-17T16:08:56.417Z
fwog,fwog,Fwog,https://coin-images.coingecko.com/coins/images/39453/large/fwog.png?1722318442,0.604681,587633540,157,587633540,41619501.0,0.634309,0.522783,0.02932288,5.09646,24208828.0,4.29673,975635328.0,975635328.0,975635328.0,0.736315,-17.87426,2024-11-14T00:40:53.748Z,0.00924364,6441.8373,2024-08-08T00:56:41.729Z,,2024-11-17T16:08:56.971Z
nervos-network,ckb,Nervos Network,https://coin-images.coingecko.com/coins/images/9566/large/Nervos_White.png?1696509646,0.0130098,584251388,158,593562734,80298767.0,0.01365341,0.01278234,2.669e-05,0.20557,-788288.8364270926,-0.13474,44949240027.7401,45665606161.0605,,0.04370633,-70.16428,2021-03-31T17:08:59.155Z,0.00197892,558.94995,2022-12-17T14:25:57.243Z,"{'times': 0.300980143540858, 'currency': 'usd', 'percentage': 30.0980143540858}",2024-11-17T16:08:59.157Z
moo-deng,moodeng,Moo Deng,https://coin-images.coingecko.com/coins/images/50264/large/MOODENG.jpg?1726726975,0.584022,582305000,156,582305000,226484826.0,0.597908,0.520379,0.00583808,1.00973,23261988.0,4.16104,989971791.17,989971791.17,989971791.17,0.680378,-13.59047,2024-11-15T14:06:28.269Z,0.01544782,3705.79113,2024-09-20T13:55:20.098Z,,2024-11-17T16:08:59.768Z
dydx,ethdydx,dYdX,https://coin-images.coingecko.com/coins/images/17500/large/hjnIm9bV.jpg?1696517040,1.28,579696625,159,579696625,81858636.0,1.34,1.26,0.00841252,0.66265,5842021.0,1.01803,453370478.225567,453370478.225567,1000000000.0,27.86,-95.40839,2021-09-30T01:23:43.570Z,0.807449,58.42797,2024-09-06T21:02:21.275Z,,2024-11-17T16:08:55.950Z
iota,iota,IOTA,https://coin-images.coingecko.com/coins/images/692/large/IOTA_Swirl.png?1696501881,0.158621,557748513,160,729586602,25760223.0,0.172558,0.158503,-0.002923648275661994,-1.80981,-11104017.079473734,-1.952,3516571099.0,4600000000.0,4600000000.0,5.25,-96.97717,2017-12-19T00:00:00.000Z,0.081637,94.34918,2020-03-13T02:22:41.168Z,"{'times': 0.31201728041018956, 'currency': 'btc', 'percentage': 31.201728041018956}",2024-11-17T16:08:57.759Z
bitcoin-gold,btg,Bitcoin Gold,https://coin-images.coingecko.com/coins/images/1043/large/bitcoin-gold-logo.png?1696502150,31.74,555888351,161,666535688,32261138.0,35.06,31.14,-0.9311123013317122,-2.84998,-14125334.729616046,-2.47807,17513924.0,21000000.0,,456.25,-93.02357,2017-12-20T00:00:00.000Z,4.25,648.15069,2020-03-13T02:22:52.902Z,,2024-11-17T16:08:54.017Z
coinbase-wrapped-staked-eth,cbeth,Coinbase Wrapped Staked ETH,https://coin-images.coingecko.com/coins/images/27008/large/cbeth.png?1709186989,3337.44,555581163,162,1247315858,7923486.0,3445.6,3303.29,-55.120041493174085,-1.62473,-9364315.641623855,-1.65756,166469.161403514,373734.098223212,,4335.7,-23.07789,2024-03-12T00:21:42.892Z,1036.96,221.62509,2022-11-09T23:45:43.665Z,,2024-11-17T16:08:55.420Z
oasis-network,rose,Oasis,https://coin-images.coingecko.com/coins/images/13162/large/OASIS.jpg?1727698287,0.080793,544190315,163,808628260,47215787.0,0.085767,0.080361,0.00024811,0.30804,1333051.0,0.24556,6729795897.58809,10000000000.0,10000000000.0,0.597347,-86.41287,2022-01-15T03:31:11.062Z,0.03200566,153.58715,2020-11-26T17:09:12.182Z,,2024-11-17T16:08:59.161Z
beldex,bdx,Beldex,https://coin-images.coingecko.com/coins/images/5111/large/Beldex.png?1696505631,0.0811,541876232,165,805263685,11104999.0,0.081883,0.080826,-0.000418167957748378,-0.51298,-3166104.113802552,-0.58089,6681606547.42577,9929306335.13911,,0.450785,-82.01451,2018-12-17T00:00:00.000Z,0.00027519,29362.25835,2019-11-01T11:05:12.090Z,"{'times': -0.6756012323956138, 'currency': 'usd', 'percentage': -67.56012323956138}",2024-11-17T16:08:53.560Z
havven,snx,Synthetix Network,https://coin-images.coingecko.com/coins/images/3406/large/SNX.png?1696504103,1.65,541553035,164,542253432,61730356.0,1.71,1.62,0.03230348,1.99419,10057204.0,1.89225,327769196.13952357,328193104.088774,328193104.088774,28.53,-94.20109,2021-02-14T01:12:38.505Z,0.0347864,4656.3487,2019-01-06T00:00:00.000Z,"{'times': 2.304366161759152, 'currency': 'usd', 'percentage': 230.4366161759152}",2024-11-17T16:08:57.337Z
pancakeswap-token,cake,PancakeSwap,https://coin-images.coingecko.com/coins/images/12632/large/pancakeswap-cake-logo_%281%29.png?1696512440,1.9,534935925,166,726044935,118438669.0,1.97,1.87,0.00972441,0.51369,2339548.0,0.43927,281370558.964989,381891848.75617,450000000.0,43.96,-95.66705,2021-04-30T10:08:22.934Z,0.194441,879.7152,2020-11-03T14:29:34.165Z,,2024-11-17T16:08:59.980Z
safe,safe,Safe,https://coin-images.coingecko.com/coins/images/27032/large/Artboard_1_copy_8circle-1.png?1696526084,1.066,534197785,167,1064919594,20737506.0,1.11,1.034,0.00180514,0.16964,884780.0,0.1659,501632037.0,1000000000.0,1000000000.0,3.56,-70.08932,2024-04-23T07:10:17.083Z,0.619886,71.69867,2024-08-07T17:14:57.335Z,,2024-11-17T16:09:01.317Z
zksync,zk,ZKsync,https://coin-images.coingecko.com/coins/images/38043/large/ZKTokenBlack.png?1718614502,0.145203,532961314,168,3045493225,134784020.0,0.152157,0.143535,0.00166777,1.16192,4310908.0,0.81546,3675000000.0,21000000000.0,21000000000.0,0.320983,-54.75957,2024-06-17T07:44:40.385Z,0.08305,74.85174,2024-08-05T06:45:42.754Z,,2024-11-17T16:08:55.223Z
paypal-usd,pyusd,PayPal USD,https://coin-images.coingecko.com/coins/images/31212/large/PYUSD_Logo_%282%29.png?1696530039,1.0,529244619,169,529244619,42361979.0,1.003,0.996859,0.0015693,0.15712,58443.0,0.01104,529172309.585588,529172309.585588,,1.021,-2.01821,2023-10-23T22:44:57.056Z,0.972731,2.81735,2024-01-03T12:05:24.231Z,,2024-11-17T16:08:59.473Z
ronin,ron,Ronin,https://coin-images.coingecko.com/coins/images/20009/large/photo_2024-04-06_22-52-24.jpg?1712415367,1.46,526235263,170,1458820535,38840294.0,1.51,1.44,2.7e-06,0.00019,386594.0,0.07352,360726525.67589,1000000000.0,1000000000.0,4.45,-67.18081,2024-03-26T05:12:38.487Z,0.196601,642.95644,2022-11-21T19:36:31.487Z,,2024-11-17T16:09:01.559Z
dexe,dexe,DeXe,https://coin-images.coingecko.com/coins/images/12713/large/DEXE_token_logo.png?1696512514,9.18,525066052,171,887362648,2805125.0,9.67,8.85,0.146594,1.62346,8043314.0,1.5557,57103247.523268454,96504599.3360945,,32.38,-71.60695,2021-03-08T13:29:57.935Z,0.671563,1269.03564,2020-11-06T19:31:40.144Z,,2024-11-17T16:08:55.388Z
virtual-protocol,virtual,Virtuals Protocol,https://coin-images.coingecko.com/coins/images/34057/large/LOGOMARK.png?1708356054,0.52253,519680894,172,519680894,20246961.0,0.551337,0.503499,0.01903009,3.77957,16028810.0,3.18252,1000000000.0,1000000000.0,1000000000.0,0.603703,-13.58264,2024-11-16T04:00:49.095Z,0.00748604,6869.02913,2024-01-23T20:55:21.653Z,,2024-11-17T16:08:54.363Z
bitcoin-avalanche-bridged-btc-b,btc.b,Avalanche Bridged BTC (Avalanche),https://coin-images.coingecko.com/coins/images/26115/large/btcb.png?1696525205,90457.0,518130234,173,518130234,59385154.0,91778.0,89499.0,177.2,0.19628,-6005118.7035675645,-1.14572,5727.92091656,5727.92091656,,93003.0,-3.04923,2024-11-13T16:15:42.138Z,7806.11,1055.08919,2023-03-03T05:01:42.603Z,,2024-11-17T16:08:53.876Z
pepecoin-2,pepecoin,PepeCoin,https://coin-images.coingecko.com/coins/images/30219/large/pepecoin.jpeg?1696529130,4.24,511199784,175,567632432,4901563.0,4.48,4.2,-0.21186030367612574,-4.75806,-26213963.26579702,-4.8778,120470386.80871801,133769420.0,133769420.0,7.51,-43.4861,2024-04-11T03:26:48.637Z,0.01088097,38898.04235,2023-10-13T16:41:39.013Z,,2024-11-17T16:08:59.509Z
sats-ordinals,sats,SATS (Ordinals),https://coin-images.coingecko.com/coins/images/30666/large/_dD8qr3M_400x400.png?1702913020,2.43816e-07,511040526,174,511040526,45818104.0,2.56812e-07,2.33763e-07,3.467e-09,1.44257,6627055.0,1.31381,2100000000000000.0,2100000000000000.0,2100000000000000.0,9.22983e-07,-73.64862,2023-12-15T11:45:07.985Z,3.189e-09,7526.5505,2023-07-08T13:03:18.882Z,,2024-11-17T16:09:01.383Z
super-oeth,superoethb,Super OETH,https://coin-images.coingecko.com/coins/images/39828/large/Super_OETH.png?1724208268,3084.33,508290935,176,508290935,1455141.0,3189.83,3051.58,-49.376743394661844,-1.57567,-6799529.6325798035,-1.32007,164683.373231664,164683.373231664,,3402.49,-9.35089,2024-11-12T09:32:22.654Z,2170.26,42.11777,2024-09-06T21:25:09.839Z,,2024-11-17T16:08:52.515Z
blur,blur,Blur,https://coin-images.coingecko.com/coins/images/28453/large/blur.png?1696527448,0.250413,503857254,177,751238571,107794341.0,0.266486,0.248318,-0.003838029724721526,-1.50954,-7685692.020028889,-1.50245,2012106169.52055,3000000000.0,3000000000.0,5.02,-95.01345,2023-02-14T17:33:55.928Z,0.109611,128.20441,2024-08-05T13:30:41.661Z,,2024-11-17T16:08:55.493Z
pax-gold,paxg,PAX Gold,https://coin-images.coingecko.com/coins/images/9519/large/paxgold.png?1696509604,2554.81,503367126,178,503367126,11819505.0,2575.37,2549.03,-6.910148189215306,-0.26975,-2415489.0939098,-0.47757,197185.776,197185.776,,2855.83,-10.52293,2024-04-13T21:01:41.334Z,1399.64,82.56941,2019-11-18T03:09:35.959Z,,2024-11-17T16:08:59.705Z
corgiai,corgiai,CorgiAI,https://coin-images.coingecko.com/coins/images/30933/large/Token.png?1696529775,0.00145688,500219781,179,542403508,516412.0,0.00151979,0.00143701,-3.5012182056797e-05,-2.34683,-11197810.192890584,-2.18956,343529984373.978,372500000000.0,500000000000.0,0.0042301,-65.63568,2024-03-02T22:59:31.763Z,4.414e-05,3193.13454,2023-09-06T20:16:08.253Z,,2024-11-17T16:08:55.305Z
true-usd,tusd,TrueUSD,https://coin-images.coingecko.com/coins/images/3449/large/tusd.png?1696504140,0.997439,494281899,180,494281899,35478005.0,1.001,0.993631,0.00043901,0.04403,-773357.5732449293,-0.15622,495601552.61,495601552.61,,1.62,-38.36051,2018-08-26T20:41:09.375Z,0.88355,12.91303,2020-03-12T10:47:51.380Z,,2024-11-17T16:08:53.638Z
kava,kava,Kava,https://coin-images.coingecko.com/coins/images/9761/large/kava.png?1696509822,0.453853,491155047,181,491155047,90030317.0,0.495292,0.412343,0.04090807,9.90643,35480662.0,7.78641,1082854224.0,1082854224.0,,9.12,-95.01445,2021-08-30T11:10:02.948Z,0.247359,83.81949,2024-08-05T06:27:34.050Z,,2024-11-17T16:08:57.768Z
astar,astr,Astar,https://coin-images.coingecko.com/coins/images/22617/large/astr.png?1696521933,0.065941,488402114,182,546284099,92656261.0,0.069184,0.060537,0.00540418,8.92708,39343115.0,8.76124,7406171701.0,8283899115.0,,0.421574,-84.32612,2022-01-17T13:34:36.289Z,0.03269521,102.0997,2022-10-13T13:05:41.982Z,,2024-11-17T16:09:01.396Z
apenft,nft,APENFT,https://coin-images.coingecko.com/coins/images/15687/large/apenft.jpg?1696515316,4.86142e-07,481292792,183,486097583,42585228.0,5.04717e-07,4.81403e-07,-7.218062747e-09,-1.46304,-7374695.323305607,-1.50914,990105682877398.0,999990000000000.0,999990000000000.0,7.53e-06,-93.54912,2021-09-05T00:10:47.823Z,2.98737e-07,62.60266,2023-06-10T04:30:05.717Z,,2024-11-17T16:09:00.900Z
frax-ether,frxeth,Frax Ether,https://coin-images.coingecko.com/coins/images/28284/large/frxETH_icon.png?1696527284,3075.66,476912795,184,476912795,2117031.0,3174.54,2937.98,-49.50340968080309,-1.58403,-9020657.68457371,-1.85636,154713.779227451,154713.779227451,,4062.68,-24.3396,2024-03-12T00:44:25.688Z,1137.25,170.28722,2022-11-23T02:25:33.267Z,,2024-11-17T16:08:56.410Z
ether-fi-staked-btc,ebtc,Ether.fi Staked BTC,https://coin-images.coingecko.com/coins/images/50411/large/eBTC.png?1727664788,89241.0,465701239,185,465701239,796793.0,91219.0,86461.0,407.37,0.45858,1674729.0,0.36091,5218.33700911,5218.33700911,,93130.0,-3.78127,2024-11-13T18:55:46.571Z,58795.0,52.40935,2024-10-10T18:29:41.489Z,,2024-11-17T16:08:56.005Z
compound-governance-token,comp,Compound,https://coin-images.coingecko.com/coins/images/10775/large/COMP.png?1696510737,52.49,464703203,186,525630003,84210986.0,54.99,50.22,2.26,4.50693,19116181.0,4.29011,8840880.47467759,10000000.0,10000000.0,910.54,-94.22694,2021-05-12T02:29:08.794Z,25.74,104.21712,2023-06-10T16:15:05.289Z,,2024-11-17T16:08:57.539Z
stepn,gmt,GMT,https://coin-images.coingecko.com/coins/images/23597/large/token-gmt-200x200.png?1703153841,0.15559,463460489,187,818928971,73593247.0,0.164305,0.152969,0.00102816,0.66521,1689722.0,0.36592,2980361236.33605,5266261569.6198,6000000000.0,4.11,-96.21441,2022-04-28T03:29:53.820Z,0.085266,82.35515,2024-08-05T11:31:52.253Z,,2024-11-17T16:08:56.260Z
degen-base,degen,Degen (Base),https://coin-images.coingecko.com/coins/images/34515/large/android-chrome-512x512.png?1706198225,0.02655886,458033676,188,987536295,199513616.0,0.02874065,0.02096651,0.00381971,16.79796,67114650.0,17.16843,17145337963.22,36965935954.0,36965935954.0,0.064543,-58.76371,2024-03-31T20:22:27.147Z,2.255e-05,117920.26994,2024-01-15T05:47:46.931Z,,2024-11-17T16:08:55.742Z
gigachad-2,giga,Gigachad,https://coin-images.coingecko.com/coins/images/34755/large/IMG_0015.png?1705957165,0.04745821,456209162,189,456209162,10678251.0,0.051115,0.04542722,-0.00293679747994826,-5.82756,-26976561.77894622,-5.58306,9604136902.35,9604136902.35,10000000000.0,0.07644,-37.85818,2024-11-06T06:05:27.016Z,1.244e-05,381677.91748,2024-02-06T19:23:17.592Z,,2024-11-17T16:08:57.263Z
eigenlayer,eigen,Eigenlayer,https://coin-images.coingecko.com/coins/images/37441/large/eigen.jpg?1728023974,2.44,454457236,190,4120397067,78656023.0,2.55,2.37,0.0300976,1.25017,4542783.0,1.0097,186582000.0,1691670555.48157,,4.47,-45.41231,2024-10-01T06:54:55.382Z,2.26,7.91166,2024-11-03T15:10:36.853Z,,2024-11-17T16:08:58.518Z
tbtc,tbtc,tBTC,https://coin-images.coingecko.com/coins/images/11224/large/0x18084fba666a33d37592fa2633fd49a74dd93a88.png?1696511155,90045.0,453094415,191,453094415,14221403.0,91091.0,89002.0,-101.26140620521619,-0.11233,-1586183.6675089002,-0.34886,5042.98300722,5042.98300722,,92395.0,-2.58441,2024-11-13T17:15:38.717Z,10104.3,790.77673,2020-09-23T00:00:00.000Z,,2024-11-17T16:08:53.960Z
theta-fuel,tfuel,Theta Fuel,https://coin-images.coingecko.com/coins/images/8029/large/1_0YusgngOrriVg4ZYx4wOFQ.png?1696508251,0.067055,451055503,192,451057791,180225725.0,0.076484,0.060953,0.00610216,10.01128,37359392.0,9.03064,6748148615.0,6748182842.0,,0.68159,-90.2113,2021-06-09T06:50:55.818Z,0.00090804,7247.5671,2020-03-13T02:30:37.972Z,,2024-11-17T16:08:53.064Z
polygon-pos-bridged-weth-polygon-pos,weth,Polygon PoS Bridged WETH (Polygon POS),https://coin-images.coingecko.com/coins/images/39708/large/WETH.PNG?1723730343,3077.27,448012366,193,448012366,58246331.0,3182.72,3048.06,-56.95866280521159,-1.81731,-6972946.887783527,-1.53257,145365.898358919,145365.898358919,,3421.39,-9.92998,2024-11-12T09:32:13.908Z,2162.83,42.48228,2024-09-06T21:06:18.843Z,,2024-11-17T16:09:00.253Z
memecoin-2,meme,Memecoin,https://coin-images.coingecko.com/coins/images/32528/large/memecoin_%282%29.png?1698912168,0.01448972,444690634,194,999349915,221783842.0,0.01486379,0.01351634,0.00060091,4.32658,19519974.0,4.59109,30703613702.183,69000000000.0,69000000000.0,0.056324,-74.28755,2024-03-04T17:30:21.569Z,0.00808778,79.06372,2024-08-05T11:30:10.538Z,,2024-11-17T16:08:58.578Z
ondo-us-dollar-yield,usdy,Ondo US Dollar Yield,https://coin-images.coingecko.com/coins/images/31700/large/usdy_%281%29.png?1696530524,1.073,444120193,195,454464128,6211926.0,1.1,1.034,0.01289347,1.21593,4525749.0,1.02953,414090292.477585,423734805.504612,,1.26,-15.08463,2024-03-27T05:24:08.110Z,0.934184,14.80827,2024-01-14T11:40:50.825Z,,2024-11-17T16:08:59.309Z
woo-network,woo,WOO,https://coin-images.coingecko.com/coins/images/12921/large/WOO_Logos_2023_Profile_Pic_WOO.png?1696512709,0.238665,439863372,196,530739839,57770349.0,0.2622,0.238144,-0.0102129765041222,-4.1036,-19680174.51564735,-4.28255,1843041734.96983,2223817070.0374,2223817070.0374,1.78,-86.58212,2021-11-15T13:44:18.437Z,0.02211546,978.92505,2021-01-04T10:19:13.803Z,,2024-11-17T16:08:54.889Z
echelon-prime,prime,Echelon Prime,https://coin-images.coingecko.com/coins/images/29053/large/prime-logo-small-border_%282%29.png?1696528020,8.61,427375133,197,957777287,21078833.0,9.3,8.55,0.059056,0.69079,3398406.0,0.80155,49579507.1931,111111111.0,111111111.0,28.0,-69.22662,2024-03-18T05:26:22.707Z,1.19,622.8404,2023-05-25T01:50:17.283Z,,2024-11-17T16:08:55.966Z
bridged-usdc-polygon-pos-bridge,usdc.e,Bridged USDC (Polygon PoS Bridge),https://coin-images.coingecko.com/coins/images/33000/large/usdc.png?1700119918,1.0,426652687,198,426652687,55669248.0,1.003,0.99732,0.00086572,0.08661,-5296553.390109539,-1.2262,426336960.200622,426336960.200622,,1.028,-2.66763,2024-04-14T06:50:14.967Z,0.975633,2.53791,2024-02-28T17:40:28.349Z,,2024-11-17T16:08:59.519Z
non-playable-coin,npc,Non-Playable Coin,https://coin-images.coingecko.com/coins/images/31193/large/NPC_200x200.png?1696530021,0.05267,422760538,199,422760538,9437599.0,0.055806,0.04995637,-0.00049487653391378,-0.93083,-5440041.254469514,-1.27044,8050126520.0,8050126520.0,8050126520.0,0.055806,-5.89554,2024-11-16T19:45:35.575Z,4.561e-05,115035.70701,2023-08-13T12:00:49.550Z,,2024-11-17T16:08:59.004Z
l2-standard-bridged-weth-blast,weth,L2 Standard Bridged WETH (Blast),https://coin-images.coingecko.com/coins/images/39727/large/weth.png?1723758119,3077.91,410884201,200,410884201,18843543.0,3184.37,3046.77,-53.59870491505308,-1.7116,-8940983.589839935,-2.12969,133324.072233355,133324.072233355,,3410.45,-9.75081,2024-11-12T09:01:13.336Z,2167.33,42.01366,2024-09-06T21:14:57.012Z,,2024-11-17T16:08:58.123Z
layerzero,zro,LayerZero,https://coin-images.coingecko.com/coins/images/28206/large/ftxG9_TJ_400x400.jpeg?1696527208,3.69,409893638,201,3687657332,138199747.0,3.76,3.54,0.125018,3.50291,12227249.0,3.07475,111152854.20763355,1000000000.0,1000000000.0,5.53,-33.33882,2024-07-22T12:00:47.926Z,2.48,48.70063,2024-06-27T07:51:29.088Z,,2024-11-17T16:08:58.020Z
quantixai,qai,QuantixAI,https://coin-images.coingecko.com/coins/images/36166/large/200px_Qai.png?1726228972,98.32,407767793,202,982572995,5036960.0,99.52,97.58,-0.06700552096287993,-0.0681,-660314.3634653091,-0.16167,4150000.0,10000000.0,10000000.0,105.74,-7.02065,2024-11-11T15:35:52.890Z,0.228366,42952.64377,2024-03-19T10:08:23.098Z,,2024-11-17T16:08:59.694Z
curve-dao-token,crv,Curve DAO,https://coin-images.coingecko.com/coins/images/12124/large/Curve.png?1696511967,0.328011,404805090,203,719120403,386540022.0,0.364362,0.324166,0.00384539,1.18624,6844034.0,1.71977,1234568862.0,2193163278.55265,3303030299.0,15.37,-97.86263,2020-08-14T00:00:00.000Z,0.180354,82.17415,2024-08-05T11:41:26.119Z,,2024-11-17T16:08:57.171Z
apu-s-club,apu,Apu Apustaja,https://coin-images.coingecko.com/coins/images/35986/large/200x200.png?1710308147,0.00124387,404640172,204,419539828,14891634.0,0.00132741,0.00118154,-5.0927705029349e-05,-3.93325,-16214729.696111917,-3.85281,325892256217.1226,337892257217.1226,420690000000.0,0.00136817,-9.10561,2024-11-16T13:45:34.903Z,1.88e-06,66134.00242,2024-03-22T07:40:49.889Z,,2024-11-17T16:09:01.053Z
usdb,usdb,USDB,https://coin-images.coingecko.com/coins/images/35595/large/65c67f0ebf2f6a1bd0feb13c_usdb-icon-yellow.png?1709255427,0.993229,404571125,205,404571125,17580583.0,1.015,0.976054,-0.003580164559040089,-0.35916,-615989.9506084919,-0.15203,406046631.5607005,406046631.5607005,,1.07,-6.92623,2024-03-06T08:40:47.967Z,0.889651,11.90336,2024-08-05T01:16:51.140Z,,2024-11-17T16:08:53.789Z
wemix-token,wemix,WEMIX,https://coin-images.coingecko.com/coins/images/12998/large/wemixcoin_color_200.png?1696512788,0.971969,402065560,208,518411569,36395033.0,1.05,0.79453,0.177439,22.33259,73931312.0,22.53081,413287722.59369,532881096.841126,590000000.0,24.71,-96.08036,2021-11-21T17:33:44.178Z,0.128398,654.38285,2021-06-22T12:52:49.089Z,,2024-11-17T16:08:54.408Z
trust-wallet-token,twt,Trust Wallet,https://coin-images.coingecko.com/coins/images/11085/large/Trust.png?1696511026,0.963012,401204453,206,962929435,26874087.0,0.997324,0.944309,-0.001607740092601784,-0.16667,-1424698.9881114364,-0.35385,416649900.0,1000000000.0,,2.72,-64.54016,2022-12-11T23:25:46.205Z,0.00277641,34650.97015,2020-06-09T09:15:06.983Z,,2024-11-17T16:08:53.906Z
sweth,sweth,Swell Ethereum,https://coin-images.coingecko.com/coins/images/30326/large/_lB7zEtS_400x400.jpg?1696529227,3303.75,400800171,207,400811345,2023896.0,3412.42,3271.35,-55.09308680682989,-1.64024,-7163033.0968725085,-1.7558,121323.095741077,121326.478319651,,4273.24,-22.73876,2024-03-12T00:20:37.288Z,1535.26,115.04888,2023-10-12T17:25:37.017Z,,2024-11-17T16:08:52.781Z
hashnote-usyc,usyc,Hashnote USYC,https://coin-images.coingecko.com/coins/images/51054/large/Hashnote_SDYC_200x200.png?1730370965,1.066,400346205,209,400346205,20838.0,1.074,1.062,-0.001231312397212303,-0.11536,-267405.59996402264,-0.06675,375525781.512949,375525781.512949,,1.089,-2.08236,2024-11-06T02:36:07.561Z,1.04,2.49653,2024-11-13T19:22:29.686Z,,2024-11-17T13:38:09.505Z
bazaars,bzr,Bazaars,https://coin-images.coingecko.com/coins/images/26392/large/bazaars_logo-color-black-icon.png?1696525469,6.49,396925885,210,3608454434,338150.0,6.71,6.42,-0.10985632816386826,-1.66329,-6803782.382911861,-1.68523,61110479.3364244,555555555.0,555555555.0,10.15,-35.93734,2024-05-27T15:46:20.111Z,0.599169,985.11514,2023-07-12T17:40:51.991Z,,2024-11-17T16:09:02.467Z
iotex,iotx,IoTeX,https://coin-images.coingecko.com/coins/images/3334/large/Token_Icon_Token_Icon.png?1727899869,0.04146659,391726662,211,391726662,25017010.0,0.04316338,0.04034468,0.00070675,1.73393,6356494.0,1.64945,9441369057.0,9441369062.0,10000000000.0,0.255593,-83.78352,2021-11-13T16:54:18.643Z,0.00121576,3309.24009,2020-03-13T02:29:47.597Z,,2024-11-17T16:08:57.579Z
livepeer,lpt,Livepeer,https://coin-images.coingecko.com/coins/images/7137/large/badge-logo-circuit-green.png?1719357686,10.86,389493257,212,389493257,54685816.0,11.46,10.77,-0.0296082835422542,-0.27196,-2988151.3335316777,-0.76135,35921241.8436415,35921241.8436415,35921241.8436415,99.03,-89.01488,2021-11-09T16:58:44.554Z,0.354051,2972.53106,2019-10-26T22:59:09.500Z,,2024-11-17T16:08:58.485Z
1inch,1inch,1inch,https://coin-images.coingecko.com/coins/images/13469/large/1inch-token.png?1696513230,0.30469,389408650,213,456819143,71032241.0,0.318792,0.302687,-0.000498689200643443,-0.1634,-939003.3422918916,-0.24056,1278652579.6904,1499999999.997,1499999999.997,8.65,-96.47437,2021-10-27T08:24:54.808Z,0.214183,42.41275,2024-09-04T01:07:01.297Z,,2024-11-17T16:09:00.400Z
stader-ethx,ethx,Stader ETHx,https://coin-images.coingecko.com/coins/images/30870/large/staderx.png?1696529717,3224.54,386728429,215,386728429,188825.0,3317.37,3189.43,-46.92260518091689,-1.4343,-5903855.177132428,-1.50366,119939.960397232,119939.960397232,,4143.4,-22.19869,2024-03-13T08:36:12.483Z,1537.24,109.70136,2023-10-12T17:37:32.660Z,,2024-11-17T16:09:02.464Z
baby-doge-coin,babydoge,Baby Doge Coin,https://coin-images.coingecko.com/coins/images/16125/large/babydoge.jpg?1696515731,2.39e-09,385938028,216,1003828848,21000310.0,2.532e-09,2.318e-09,-4.3861871e-11,-1.80227,-8832394.116126359,-2.23735,1.6147570565921133e+17,4.2e+17,4.2e+17,6.345e-09,-62.25519,2022-01-16T20:24:43.758Z,9.4771e-11,2426.94659,2021-06-09T02:48:21.787Z,,2024-11-17T16:09:02.158Z
amp-token,amp,Amp,https://coin-images.coingecko.com/coins/images/12409/large/amp-200x200.png?1696512231,0.00477614,385808793,214,476363098,232820421.0,0.00605056,0.00477415,-0.00047197722028849,-8.99326,-28188703.808222055,-6.80891,80722574661.2867,99669205039.99,99669205039.99,0.120813,-96.01114,2021-06-16T16:03:41.147Z,0.00140933,241.93833,2023-10-12T17:40:43.384Z,,2024-11-17T16:09:00.966Z
reserve-rights-token,rsr,Reserve Rights,https://coin-images.coingecko.com/coins/images/8365/large/RSR_Blue_Circle_1000.png?1721777856,0.00724554,382053964,217,724362961,31071043.0,0.00756717,0.00709067,0.00014897,2.09924,6411261.0,1.70674,52743442836.0,100000000000.0,100000000000.0,0.117424,-93.81277,2021-04-16T17:45:02.062Z,0.00121354,498.68216,2020-03-16T11:09:08.151Z,"{'times': 5.586855316059097, 'currency': 'usd', 'percentage': 558.6855316059098}",2024-11-17T16:09:01.289Z
ponke,ponke,PONKE,https://coin-images.coingecko.com/coins/images/33929/large/ponke.png?1703415326,0.688863,375342917,220,379385562,46414939.0,0.679766,0.567249,0.106034,18.19305,54777472.0,17.08777,549623853.6321399,555543597.078031,555555555.0,0.708698,-3.44398,2024-07-19T14:16:29.984Z,0.00927982,7273.96192,2024-01-03T19:05:58.444Z,,2024-11-17T16:08:59.808Z
simon-s-cat,cat,Simon's Cat,https://coin-images.coingecko.com/coins/images/39765/large/Simon's_Cat_Logo.png?1724017505,5.592e-05,374046498,225,448856297,120406705.0,5.502e-05,4.972e-05,2.81e-06,5.30004,23759355.0,6.78282,6749954945261.996,8099954945261.996,9000000000000.0,6.156e-05,-9.14645,2024-11-14T18:05:48.622Z,1.099e-05,408.67964,2024-08-22T17:10:20.074Z,,2024-11-17T16:09:01.653Z
jito-governance-token,jto,Jito,https://coin-images.coingecko.com/coins/images/33228/large/jto.png?1701137022,2.89,373957665,218,2900752538,206221648.0,3.08,2.65,0.208201,7.75106,25937785.0,7.45296,128917465.4,1000000000.0,,6.01,-51.90709,2023-12-07T16:04:48.717Z,1.45,99.13253,2024-01-08T03:34:43.146Z,,2024-11-17T16:08:57.639Z
drift-protocol,drift,Drift Protocol,https://coin-images.coingecko.com/coins/images/37509/large/DRIFT.png?1715842607,1.45,372276367,221,1447686567,492359918.0,1.59,1.14,0.270717,22.91447,67948733.0,22.32749,257152601.525456,1000000000.0,1000000000.0,2.6,-44.26858,2024-11-09T01:41:24.471Z,0.100002,1351.37776,2024-05-16T10:01:32.623Z,,2024-11-17T16:08:57.844Z
zetachain,zeta,ZetaChain,https://coin-images.coingecko.com/coins/images/26718/large/Twitter_icon.png?1696525788,0.716227,370642929,219,1503029616,62198443.0,0.765459,0.705279,-0.001966342818144784,-0.27379,-1954344.9758179784,-0.52452,517854167.0,2100000000.0,2100000000.0,2.85,-74.94192,2024-02-15T20:45:12.099Z,0.344857,107.34153,2024-08-05T11:41:28.527Z,,2024-11-17T16:08:55.002Z
holotoken,hot,Holo,https://coin-images.coingecko.com/coins/images/3348/large/Holologo_Profile.png?1696504052,0.00207919,369486274,222,369486274,31534612.0,0.00216306,0.00201626,2.505e-05,1.21942,3137305.0,0.85637,177619433541.141,177619433541.141,,0.03126682,-93.34595,2021-04-05T16:04:52.608Z,0.0002202,844.83241,2020-03-13T02:23:01.612Z,"{'times': 1.9768661020460654, 'currency': 'eth', 'percentage': 197.68661020460655}",2024-11-17T16:08:57.229Z
binance-peg-busd,busd,Binance-Peg BUSD,https://coin-images.coingecko.com/coins/images/31273/large/new_binance-peg-busd.png?1696530096,1.002,368427623,224,368427623,14128668.0,1.01,0.995433,-0.001097710747387737,-0.10943,-488816.29161798954,-0.1325,367662861.87568,367662861.87568,,1.064,-6.00049,2023-10-23T22:45:26.927Z,0.954278,4.80987,2023-11-21T17:49:36.929Z,,2024-11-17T16:08:59.118Z
zilliqa,zil,Zilliqa,https://coin-images.coingecko.com/coins/images/2687/large/Zilliqa-logo.png?1696503475,0.01913857,366936364,223,380066622,79080406.0,0.02134269,0.01912385,-5.788524914525e-05,-0.30154,-3397864.6582577825,-0.91751,19169615084.0476,19855570509.7576,21000000000.0,0.255376,-92.49412,2021-05-06T17:33:45.940Z,0.00239616,699.95493,2020-03-13T02:22:55.161Z,"{'times': -0.26653436218680304, 'currency': 'eth', 'percentage': -26.65343621868031}",2024-11-17T16:08:55.322Z
osmosis,osmo,Osmosis,https://coin-images.coingecko.com/coins/images/16724/large/osmo.png?1696516298,0.523241,363228989,227,521994780,24499005.0,0.531563,0.484436,0.03880438,8.01021,26632551.0,7.91231,694329481.221517,997817838.339434,1000000000.0,11.25,-95.33892,2022-03-04T05:12:18.707Z,0.224523,133.52992,2023-10-19T17:45:36.695Z,,2024-11-17T16:08:59.794Z
staked-frax-ether,sfrxeth,Staked Frax Ether,https://coin-images.coingecko.com/coins/images/28285/large/sfrxETH_icon.png?1696527285,3407.66,362768426,229,362768426,927204.0,3510.71,3381.17,-41.21832280224771,-1.19512,-4994141.206946492,-1.35798,106502.162741883,106502.162741883,,7545.09,-54.86604,2023-02-16T07:51:36.849Z,1147.58,196.74505,2022-12-23T11:50:57.675Z,,2024-11-17T16:08:52.069Z
ethereum-pow-iou,ethw,EthereumPoW,https://coin-images.coingecko.com/coins/images/26997/large/logo-clear.png?1696526049,3.36,362246397,226,362246397,36061563.0,3.69,3.36,-0.004479736428183223,-0.133,-980982.4083023071,-0.27007,107818717.04993,107818717.04993,,58.54,-94.25669,2022-09-03T00:10:33.722Z,1.17,187.57569,2023-10-11T18:16:44.520Z,,2024-11-17T16:08:56.256Z
compound-wrapped-btc,cwbtc,cWBTC,https://coin-images.coingecko.com/coins/images/10823/large/cwbtc.png?1696510780,1811.58,361975536,230,361975536,0.0,1835.09,1798.05,-1.336851868251415,-0.07374,-2791468.540590167,-0.76527,199710.54171322,199710.54171322,,1874.9,-3.32794,2024-11-13T16:15:44.192Z,91.15,1888.45922,2020-03-16T11:09:17.436Z,,2024-11-17T16:05:26.257Z
usual-usd,usd0,Usual USD,https://coin-images.coingecko.com/coins/images/38272/large/USD0LOGO.png?1716962811,1.001,361655763,232,361655763,8846430.0,1.006,0.995058,0.0015926,0.15943,4117052.0,1.1515,361462070.323,361462070.323,,1.33,-24.5275,2024-07-12T08:28:59.311Z,0.976542,2.45735,2024-08-05T06:27:12.976Z,,2024-11-17T16:08:53.724Z
fartcoin,fartcoin,Fartcoin,https://coin-images.coingecko.com/coins/images/50891/large/fart.jpg?1729503972,0.363189,361547164,228,361547164,78528215.0,0.379582,0.265227,0.097963,36.93548,96244743.0,36.27737,999996234.027646,999996234.027646,1000000000.0,0.379582,-4.224,2024-11-17T10:40:51.735Z,0.02002855,1715.15362,2024-10-30T07:56:04.381Z,,2024-11-17T16:08:56.326Z
benqi-liquid-staked-avax,savax,BENQI Liquid Staked AVAX,https://coin-images.coingecko.com/coins/images/23657/large/savax_blue.png?1696522860,42.67,361486888,231,361486888,3709141.0,43.26,39.54,2.18,5.37865,18033524.0,5.25065,8472449.85652618,8472449.85652618,,103.55,-58.79569,2022-04-02T13:44:54.612Z,9.25,361.3359,2023-09-14T12:26:14.318Z,,2024-11-17T16:08:53.837Z
celo,celo,Celo,https://coin-images.coingecko.com/coins/images/11090/large/InjXBNx9_400x400.jpg?1696511031,0.646128,357798985,233,646040828,67901357.0,0.681989,0.64362,-0.007100919428800535,-1.08705,-4116909.334495008,-1.13753,553833395.0,1000000000.0,1000000000.0,9.82,-93.399,2021-08-30T14:25:09.929Z,0.362124,79.02824,2024-08-05T11:34:55.519Z,,2024-11-17T16:08:58.581Z
golem,glm,Golem,https://coin-images.coingecko.com/coins/images/542/large/Golem_Submark_Positive_RGB.png?1696501761,0.349586,349674600,234,349674600,23472354.0,0.364003,0.344583,0.00153055,0.43974,1074096.0,0.30812,1000000000.0,1000000000.0,,1.32,-73.56559,2018-04-13T09:13:22.739Z,0.00913753,3731.15035,2016-12-12T00:00:00.000Z,"{'times': 33.95863086986187, 'currency': 'usd', 'percentage': 3395.863086986187}",2024-11-17T16:08:56.926Z
department-of-government-efficiency,doge,Department Of Government Efficiency,https://coin-images.coingecko.com/coins/images/39841/large/IMG_9775.PNG?1729771739,0.347872,347909139,235,347909139,30140170.0,0.421988,0.320097,0.01724964,5.21732,15325938.0,4.60815,1000000000.0,1000000000.0,1000000000.0,0.512231,-32.08676,2024-11-13T19:05:39.525Z,9.953e-05,349416.18789,2024-09-02T19:35:40.880Z,,2024-11-17T16:08:55.557Z
dymension,dym,Dymension,https://coin-images.coingecko.com/coins/images/34182/large/dym.png?1704253006,1.61,346959422,236,1616310196,27936979.0,1.69,1.57,0.01620778,1.01437,3588614.0,1.04511,214661408.0,1000000000.0,,8.5,-81.01883,2024-02-14T14:29:43.198Z,0.972884,65.88486,2024-08-05T06:26:17.654Z,,2024-11-17T16:08:55.933Z
polygon-bridged-wbtc-polygon-pos,wbtc,Polygon Bridged WBTC (Polygon POS),https://coin-images.coingecko.com/coins/images/39530/large/wbtc.png?1722809402,90026.0,345099102,237,345099102,10357324.0,91138.0,89390.0,-158.8568857806822,-0.17615,-1385040.2002803087,-0.39974,3830.50966038,3830.50966038,,92855.0,-2.99625,2024-11-13T16:15:39.721Z,49937.0,80.37132,2024-08-05T13:19:56.346Z,,2024-11-17T16:08:59.606Z
dash,dash,Dash,https://coin-images.coingecko.com/coins/images/19/large/dash-logo.png?1696501423,28.3,339417220,238,533880737,84748732.0,30.24,28.25,-0.41105604985902744,-1.43154,-7186486.000944197,-2.0734,12028480.0812355,18920000.0,,1493.59,-98.10865,2017-12-20T00:00:00.000Z,0.213899,13106.74869,2014-02-14T00:00:00.000Z,,2024-11-17T16:08:55.927Z
liquid-staked-ethereum,lseth,Liquid Staked ETH,https://coin-images.coingecko.com/coins/images/28848/large/LsETH-receipt-token-circle.png?1696527824,3268.99,337041049,239,337041049,28279.0,3365.19,3236.02,-58.833197047853446,-1.76792,-7118874.670043528,-2.06848,103221.376538499,103221.376538499,,4264.83,-23.4419,2024-03-12T00:25:57.696Z,1384.61,135.81206,2023-03-10T11:26:12.210Z,,2024-11-17T16:08:57.741Z
kusama,ksm,Kusama,https://coin-images.coingecko.com/coins/images/9568/large/m4zRhP5e_400x400.jpg?1696509648,21.44,336818105,240,336818437,44282186.0,22.79,20.58,0.857573,4.16616,12291995.0,3.78768,15730350.5339454,15730366.0607763,,621.71,-96.55469,2021-05-18T05:04:41.858Z,0.876572,2343.57104,2020-01-14T19:20:20.768Z,,2024-11-17T16:08:57.942Z
just,jst,JUST,https://coin-images.coingecko.com/coins/images/11095/large/JUST.jpg?1696511035,0.03379976,333305313,241,333305313,63792377.0,0.03560898,0.03351893,-0.000182034700808804,-0.53568,-5262750.556156278,-1.55441,9900000000.0,9900000000.0,9900000000.0,0.193254,-82.56553,2021-04-05T04:34:23.454Z,0.00476275,607.42427,2020-05-09T06:08:54.872Z,,2024-11-17T16:08:57.661Z
ether-fi,ethfi,Ether.fi,https://coin-images.coingecko.com/coins/images/35958/large/etherfi.jpeg?1710254562,1.59,329713562,243,1588597806,179005768.0,1.68,1.56,0.00890116,0.56371,551281.0,0.16748,207550055.0,1000000000.0,1000000000.0,8.53,-81.37976,2024-03-27T23:14:46.721Z,1.097,44.7254,2024-08-05T11:31:39.214Z,,2024-11-17T16:08:56.357Z
pumpbtc,pumpbtc,pumpBTC,https://coin-images.coingecko.com/coins/images/39232/large/200pxPumpBTCLogo.png?1721227861,89699.0,328285461,244,328285461,855632.0,90896.0,88785.0,-70.79660455379053,-0.07886,-544167.5620757937,-0.16549,3662.40038397,3662.40038397,,92770.0,-3.31047,2024-11-13T16:15:26.858Z,48890.0,83.47005,2024-08-05T13:31:21.320Z,,2024-11-17T16:08:59.779Z
constitutiondao,people,ConstitutionDAO,https://coin-images.coingecko.com/coins/images/20612/large/GN_UVm3d_400x400.jpg?1696520017,0.064726,328281882,245,328281882,284627223.0,0.066114,0.060475,0.00154091,2.43871,10456922.0,3.29015,5066637022.79718,5066637022.79718,5066637022.79718,0.185022,-64.95816,2021-12-23T05:59:19.861Z,0.0009194,6951.90106,2021-11-21T11:33:21.508Z,,2024-11-17T16:08:56.920Z
safepal,sfp,SafePal,https://coin-images.coingecko.com/coins/images/13905/large/sfp.png?1696513647,0.671427,327051370,246,335437303,7574845.0,0.679205,0.643927,0.0179873,2.75271,8389386.0,2.63269,487500000.0,500000000.0,500000000.0,4.19,-83.95596,2021-02-09T18:30:34.250Z,0.269235,149.53766,2022-06-14T02:06:50.102Z,,2024-11-17T16:09:01.478Z
dogs-2,dogs,Dogs,https://coin-images.coingecko.com/coins/images/39699/large/dogs_logo_200x200.png?1723687163,0.00062949,325357692,247,346292658,196060139.0,0.00066193,0.00060231,6.44e-06,1.03438,2486134.0,0.77001,516750000000.0,550000000000.0,550000000000.0,0.00163299,-61.45179,2024-08-28T10:10:46.492Z,0.00047328,33.00592,2024-11-04T22:02:16.570Z,,2024-11-17T16:08:56.354Z
ai16z,ai16z,ai16z,https://coin-images.coingecko.com/coins/images/51090/large/AI16Z.jpg?1730027175,0.29377,323159199,242,323159199,31582211.0,0.407594,0.267067,0.00950128,3.34236,9340447.0,2.97638,1099999688.77088,1099999688.77088,1099999958.01,0.407594,-23.29659,2024-11-17T09:11:03.078Z,0.010189,2968.39256,2024-11-03T15:09:23.068Z,,2024-11-17T16:09:00.610Z
gas,gas,Gas,https://coin-images.coingecko.com/coins/images/858/large/GAS_512_512.png?1696501992,4.92,319758824,248,319758824,50928876.0,5.27,4.9,-0.15837927201153246,-3.11932,-10962445.023059547,-3.31471,65093580.54427269,65093580.54427269,,91.94,-94.64261,2018-01-15T00:00:00.000Z,0.621309,692.77812,2020-03-13T02:24:16.507Z,,2024-11-17T16:08:56.744Z
aevo-exchange,aevo,Aevo,https://coin-images.coingecko.com/coins/images/35893/large/aevo.png?1710138340,0.360151,319337021,249,359711767,100871700.0,0.382662,0.357024,0.002875,0.8047,2249247.0,0.70935,887758060.202429,1000000000.0,1000000000.0,3.76,-90.41186,2024-03-28T00:05:46.673Z,0.270959,32.92307,2024-08-05T11:41:20.440Z,,2024-11-17T16:09:00.695Z
0x,zrx,0x Protocol,https://coin-images.coingecko.com/coins/images/863/large/0x.png?1696501996,0.376415,319208479,250,376249143,65582419.0,0.409108,0.376457,-0.002567393825882669,-0.67744,-2605432.0245432258,-0.80961,848396562.906836,1000000000.0,1000000000.0,2.5,-84.90241,2018-01-13T00:00:00.000Z,0.120667,212.41282,2020-03-13T02:27:49.563Z,"{'times': 6.841984428892646, 'currency': 'usd', 'percentage': 684.1984428892646}",2024-11-17T16:09:00.383Z
